{"number_of_generations": 499, "hof": [{"genotype": [-54.554112415549, 13.274213044055518, 23.321134064790147, 33.673200242104976, 34.30379626631468, -38.51032742439914, -71.86159424295883, 34.78331400248424, 12.79380828151584, 81.81076805188941, -53.17117783568697, -1.3881861409837972, -0.4612463978812209, 70.3492152094166, 48.05619019942414, 12.808922839769043, -15.84150658262354, 57.63976263995115, -54.49480514290646, -22.815600749064792, -28.056733436653033, 71.81852910234745, 82.2369439728424, 26.70566545781569, -11.928339616606667, 25.78326162002289, -37.81505447238193, -45.65547462183651, 24.543943351901497, 9.377635537086348], "fitness": -2374.624216738685, "contributor_spops": [0.03333333333333333, 0.03333333333333333, 0.03333333333333333, 0.03333333333333333, 0.03333333333333333, 0.03333333333333333, 0.03333333333333333, 0.03333333333333333, 0.03333333333333333, 0.03333333333333333, 0.03333333333333333, 0.03333333333333333, 0.03333333333333333, 0.03333333333333333, 0.03333333333333333, 0.03333333333333333, 0.03333333333333333, 0.03333333333333333, 0.03333333333333333, 0.03333333333333333, 0.03333333333333333, 0.03333333333333333, 0.03333333333333333, 0.03333333333333333, 0.03333333333333333, 0.03333333333333333, 0.03333333333333333, 0.03333333333333333, 0.03333333333333333, 0.03333333333333333, 0.0, 0.0, 0.0, 0.0, 0.0, 0.0, 0.0, 0.0, 0.0, 0.0, 0.0, 0.0, 0.0, 0.0, 0.0, 0.0, 0.0, 0.0, 0.0, 0.0, 0.0]}, {"genotype": [-56.51238655364656, 13.752108931519432, 25.73871300472281, 34.53879502433732, 35.23154204492256, -39.43667336338141, -71.6282656936495, 33.83392864573875, 11.625751690084053, 78.65563904829402, -54.2114378384196, -2.113102486569935, -2.958285665090044, 72.36338619838136, 49.431982754614474, 15.36725477444632, -16.722893964544205, 59.08705440835613, -52.99755523169095, -24.508624953500266, -29.543928283480223, 69.87515804145355, 80.75755527514902, 26.477003980700825, -11.398385094565601, 24.57408194947414, -40.28951955566231, -45.90418252987019, 24.28489510647775, 11.142890506652734], "fitness": -2374.8196942800187, "contributor_spops": [0.03333333333333333, 0.03333333333333333, 0.03333333333333333, 0.03333333333333333, 0.03333333333333333, 0.03333333333333333, 0.03333333333333333, 0.03333333333333333, 0.03333333333333333, 0.03333333333333333, 0.03333333333333333, 0.03333333333333333, 0.03333333333333333, 0.03333333333333333, 0.03333333333333333, 0.03333333333333333, 0.03333333333333333, 0.03333333333333333, 0.03333333333333333, 0.03333333333333333, 0.03333333333333333, 0.03333333333333333, 0.03333333333333333, 0.03333333333333333, 0.03333333333333333, 0.03333333333333333, 0.03333333333333333, 0.03333333333333333, 0.03333333333333333, 0.03333333333333333, 0.0, 0.0, 0.0, 0.0, 0.0, 0.0, 0.0, 0.0, 0.0, 0.0, 0.0, 0.0, 0.0, 0.0, 0.0, 0.0, 0.0, 0.0, 0.0, 0.0, 0.0]}, {"genotype": [-55.61331384727089, 14.00808260164457, 29.101953569670577, 35.70883317530652, 33.38584838922522, -40.74993451820804, -71.97826205729446, 34.47478177016127, 11.722496002809637, 78.89148489099578, -56.595055725939964, -0.5244980827551053, 0.27481197600374324, 71.18232642175249, 49.57497171843193, 14.85171325458884, -21.767710235559, 58.48235563164124, -51.507530990675136, -21.341554607873874, -30.308176739700727, 71.06899439179766, 79.05802390478713, 25.573661844729827, -8.24408799393965, 26.03575524772778, -38.80125786739609, -47.35062239265696, 19.941798744378982, 11.735313841160506], "fitness": -2377.103202435248, "contributor_spops": [0.03333333333333333, 0.03333333333333333, 0.03333333333333333, 0.03333333333333333, 0.03333333333333333, 0.03333333333333333, 0.03333333333333333, 0.03333333333333333, 0.03333333333333333, 0.03333333333333333, 0.03333333333333333, 0.03333333333333333, 0.03333333333333333, 0.03333333333333333, 0.03333333333333333, 0.03333333333333333, 0.03333333333333333, 0.03333333333333333, 0.03333333333333333, 0.03333333333333333, 0.03333333333333333, 0.03333333333333333, 0.03333333333333333, 0.03333333333333333, 0.03333333333333333, 0.03333333333333333, 0.03333333333333333, 0.03333333333333333, 0.03333333333333333, 0.03333333333333333, 0.0, 0.0, 0.0, 0.0, 0.0, 0.0, 0.0, 0.0, 0.0, 0.0, 0.0, 0.0, 0.0, 0.0, 0.0, 0.0, 0.0, 0.0, 0.0, 0.0, 0.0]}, {"genotype": [-53.18229379785948, 16.137071369198576, 25.992433395828805, 35.19213282539802, 35.61532783676707, -36.45697228335056, -73.47542282420683, 34.29114753487457, 12.294507393381718, 79.41435602795849, -54.06890881617919, -2.0813978876863337, -2.587560801943407, 71.11851746490667, 46.251517286653744, 13.484318345375977, -17.74336171800426, 58.09002551781055, -52.12313917156862, -23.0390626806321, -32.602964810982854, 65.44479740329264, 77.32285693580285, 26.872420489099603, -4.865602320848521, 25.43549628258492, -36.98841546446519, -45.538573287581436, 22.805820448774615, 11.278281976117047], "fitness": -2383.5349635133093, "contributor_spops": [0.03333333333333333, 0.03333333333333333, 0.03333333333333333, 0.03333333333333333, 0.03333333333333333, 0.03333333333333333, 0.03333333333333333, 0.03333333333333333, 0.03333333333333333, 0.03333333333333333, 0.03333333333333333, 0.03333333333333333, 0.03333333333333333, 0.03333333333333333, 0.03333333333333333, 0.03333333333333333, 0.03333333333333333, 0.03333333333333333, 0.03333333333333333, 0.03333333333333333, 0.03333333333333333, 0.03333333333333333, 0.03333333333333333, 0.03333333333333333, 0.03333333333333333, 0.03333333333333333, 0.03333333333333333, 0.03333333333333333, 0.03333333333333333, 0.03333333333333333, 0.0, 0.0, 0.0, 0.0, 0.0, 0.0, 0.0, 0.0, 0.0, 0.0, 0.0, 0.0, 0.0, 0.0, 0.0, 0.0, 0.0, 0.0, 0.0, 0.0, 0.0]}, {"genotype": [-52.90712552229816, 11.133357278736854, 23.062778661076393, 39.49376926452756, 34.97895892414857, -38.756953122827085, -74.30671246458009, 39.220768475222535, 14.580805429785993, 77.6313621812799, -52.47584174611588, -0.9114576912622943, -1.997986090563751, 70.76572957735247, 47.37083770328881, 14.012581794751002, -19.50564005805609, 56.6299523275817, -51.74146809144472, -18.514950177228883, -30.894311219649275, 65.90992388295246, 77.44240352474681, 29.797892808054872, -7.023050942908212, 23.689095008067753, -37.732846743814896, -45.767815819500214, 22.741914588219426, 9.553393400921596], "fitness": -2386.7729490249176, "contributor_spops": [0.034482758620689655, 0.034482758620689655, 0.034482758620689655, 0.034482758620689655, 0.034482758620689655, 0.034482758620689655, 0.034482758620689655, 0.034482758620689655, 0.034482758620689655, 0.034482758620689655, 0.034482758620689655, 0.034482758620689655, 0.034482758620689655, 0.034482758620689655, 0.034482758620689655, 0.034482758620689655, 0.034482758620689655, 0.034482758620689655, 0.034482758620689655, 0.034482758620689655, 0.034482758620689655, 0.034482758620689655, 0.034482758620689655, 0.034482758620689655, 0.034482758620689655, 0.034482758620689655, 0.034482758620689655, 0.034482758620689655, 0.034482758620689655, 0.0, 0.0, 0.0, 0.0, 0.0, 0.0, 0.0, 0.0, 0.0, 0.0, 0.0, 0.0, 0.0, 0.0, 0.0, 0.0, 0.0, 0.0, 0.0, 0.0, 0.0, 0.0]}, {"genotype": [-51.10999287346156, 9.547622769250955, 19.2487552014701, 40.999841853486274, 32.844797264774336, -39.22960694650289, -71.31615051059296, 38.0260105022571, 13.099643486798708, 77.28215372432304, -51.8749146653796, 2.1671922329733637, -0.7417615706772898, 70.92682251839736, 46.90266075241991, 18.57123157210884, -21.5025807904227, 56.41020148725707, -50.56414472223796, -19.082173373714085, -31.637034077714098, 66.00769725950975, 78.28986596015702, 31.022849346009156, -6.555453906275706, 22.162513763628, -37.17356675690159, -46.35023890282668, 21.70861756197527, 8.128495539998637], "fitness": -2389.6565725575065,