{"number_of_generations": 499, "hof": [{"genotype": [-54.456299094603125, -45.96959238563401, -61.241469559603395, -51.66931931428256, -38.742084100174225, -12.772123972069934, 43.60241594087334, 0.36340964173126844, 72.86216950061308, -8.275374403767238, 38.45390219249184, 22.697679615253936, 19.17574080239075, 52.971390063001664, 75.55941955837973, 43.25503590008415, -19.565028874216598, 30.91056678081241, 33.877318667792615, 64.26593159402171, -53.1187930497919, -58.24715018224398, 37.007275407817495, 28.35457495628154, -35.26550059658556, 51.03629692418387, 40.40237312160294, -66.13762261532756, -44.17869324983419, 23.966661379646553], "fitness": -2620.6134208033377, "contributor_spops": [0.004527884567644197, 0.00494234647158241, 0.005172587830301502, 0.004880939623176038, 0.004880939623176038, 0.026200690424529712, 0.008434231423401647, 0.008434231423401647, 0.008434231423401647, 0.028217865247666632, 0.010412698188218345, 0.010412604204227252, 0.010412604204227252, 0.0216255538821655, 0.011213529181222837, 0.011213643129180358, 0.011213852895029715, 0.023084621859935168, 0.011873058644582657, 0.011873334013349345, 0.03742089288841179, 0.05619876815061324, 0.015049141331792946, 0.015049141331792946, 0.015049141331792946, 0.015049141331792946, 0.015049141331792946, 0.030598424308059022, 0.031692381446385975, 0.01615922833492603, 0.01615922833492603, 0.01615922833492603, 0.03250059292701364, 0.03324312531662499, 0.03416571321579601, 0.017628706805059065, 0.017628706805059065, 0.017628706805059065, 0.017628706805059065, 0.06447135535721435, 0.031800385142106154, 0.08489846032966317, 0.020683089672054462, 0.027293810768324794, 0.020833333333333332, 0.020833333333333332, 0.020833333333333332, 0.020833333333333332, 0.0, 0.0, 0.0]}, {"genotype": [-53.12707343295097, -48.05687097255618, -60.361287430578, -56.48347485745434, -36.61612553861483, -10.220870912250588, 39.98874965368369, 0.4077070288655461, 75.53124596057879, -9.303551959133095, 37.9166677840237, 25.342194785802054, 19.770034089518305, 50.36586994515262, 78.88862184545056, 46.34717673728399, -21.19613828371777, 30.5052912750783, 36.021262525804225, 62.65399099299336, -57.04335730783914, -57.84207702180017, 35.87409155763968, 29.206427714723066, -34.40457244194753, 48.014953997581564, 41.317290843244905, -64.6185038360537, -43.1808930320669, 27.03660773131697], "fitness": -2621.354091730523, "contributor_spops": [0.005570666073239489, 0.006080588781055153, 0.00636404467792646, 0.006005099844073701, 0.006005099844073701, 0.0322342869846296, 0.010376631034166348, 0.010376631034166348, 0.010376631034166348, 0.03471481767049016, 0.012811031594870528, 0.012810502597532525, 0.012810502597532525, 0.0266029157788559, 0.013795674967627045, 0.013796316333943761, 0.01379749701987265, 0.02839128860034828, 0.014606679248253913, 0.014608229186089821, 0.045997324044172616, 0.06904291147306336, 0.0185079713827341, 0.0185079713827341, 0.0185079713827341, 0.0185079713827341, 0.0185079713827341, 0.03737927758941842, 0.038633198175882816, 0.019852679417211107, 0.019852679417211107, 0.019852679417211107, 0.03850872460564824, 0.038249660018307124, 0.039000082118523016, 0.02145840594552096, 0.02145840594552096, 0.02145840594552096, 0.02145840594552096, 0.04418763639276982, 0.02431592148237133, 0.027951943582874634, 0.022222222222222223, 0.022222222222222223, 0.022222222222222223, 0.0, 0.0, 0.0, 0.0, 0.0, 0.0]}, {"genotype": [-56.39307264216805, -49.970359518641956, -62.23139950337602, -56.57688459842556, -36.72499163344525, -14.680513255412157, 42.93904407040083, -0.43182198990660353, 71.57457718259477, -8.196463905918407, 38.36683380848024, 23.58606192911357, 20.49095845135292, 53.01086941968641, 75.39950217085263, 45.65819562378728, -22.7955536273012, 32.6602627247983, 32.37632568596664, 61.612432438027284, -56.455104988749675, -58.65923428587072, 36.14620813857173, 27.803888015386892, -34.9608788234925, 48.40177075234019, 41.88431544175471, -65.03976801489176, -40.76987357526146, 26.368927541985915], "fitness": -2621.379360328308, "contributor_spops": [0.015719800394972165, 0.01717938946463277, 0.018398008164648795, 0.017099066008084574, 0.017099066008084574, 0.08990398282357963, 0.02923321881066708, 0.02923321881066708, 0.02923321881066708, 0.09424314845344597, 0.03674086736553378, 0.035825725919543944, 0.035825725919543944, 0.06833032941112878, 0.03814748331180001, 0.03925580930242466, 0.04126619222959278, 0.05867791381231466, 0.03952289805674069, 0.041831639902831605, 0.04647565012166689, 0.04075764689742847, 0.04, 0.04, 0.04, 0.0, 0.0, 0.0, 0.0, 0.0, 0.0, 0.0, 0.0, 0.0, 0.0, 0.0, 0.0, 0.0, 0.0, 0.0, 0.0, 0.0, 0.0, 0.0, 0.0, 0.0, 0.0, 0.0, 0.0, 0.0, 0.0]}, {"genotype": [-55.68631496104934, -45.94990387418221, -62.606249731746566, -51.87165236065657, -37.606135482018814, -15.711118955308155, 39.628941438337876, 1.138082696766925, 73.72125240333678, -11.017245668688346, 39.04680995062505, 25.070171548605362, 20.813987174097765, 50.28240121957344, 76.98937265009631, 42.164072202632326, -19.289769699215505, 30.581456313866184, 35.22698553541761, 64.97322902806405, -54.03784611055059, -55.44314793734423, 37.42050497905617, 23.548591225154656, -33.79345871280931, 48.8596403431231, 42.986994547601604, -66.29894102999901, -39.923479474208214, 25.899265223279322], "fitness": -2621.5152668302394, "contributor_spops": [0.03888284778133299, 0.04347086663132372, 0.06634630313585872, 0.049566672516171806, 0.049566672516171806, 0.17223398813340585, 0.07001122511904415, 0.07001122511904415, 0.07001122511904415, 0.08311701420913058, 0.07249624543375782, 0.07142857142857142, 0.07142857142857142, 0.07142857142857142, 0.0, 0.0, 0.0, 0.0, 0.0, 0.0, 0.0, 0.0, 0.0, 0.0, 0.0, 0.0, 0.0, 0.0, 0.0, 0.0, 0.0, 0.0, 0.0, 0.0, 0.0, 0.0, 0.0, 0.0, 0.0, 0.0, 0.0, 0.0, 0.0, 0.0, 0.0, 0.0, 0.0, 0.0, 0.0, 0.0, 0.0]}, {"genotype": [-54.53474781526315, -44.294848222876944, -60.490978694489186, -49.37075101879553, -36.96730954724286, -12.405380902124143, 39.77189035377186, 0.11219877772865167, 74.33882318008844, -9.166180847159715, 38.35476685176977, 22.848750093647702, 21.16057096661116, 53.942464899331846, 75.39311589117553, 44.85162191676261, -20.06427518000666, 27.787474321410198, 34.926191952218886, 64.94214158918497, -56.72044023063372, -54.75031248503144, 37.78342437077389, 23.035791686039584, -37.03106114106163, 50.20963178411395, 43.722643826812494, -66.17996779141919, -41.671270660521344, 27.71131569523529], "fitness": -2622.374065606573, "contributor_spops": [0.0423830752793912, 0.0473924258916172, 0.07256211145585104, 0.05411253754228647, 0.05411253754228647, 0.1871973800999467, 0.07629334463522984, 0.07629334463522984, 0.07629334463522984, 0.08259066751370063, 0.07692307692307693, 0.07692307692307693, 0.07692307692307693, 0.0, 0.0, 0.0, 0.0, 0.0, 0.0, 0.0, 0.0, 0.0, 0.0, 0.0, 0.0, 0.0, 0.0, 0.0, 0.0, 0.0, 0.0, 0.0, 0.0, 0.0, 0.0, 0.0, 0.0, 0.0, 0.0, 0.0, 0.0, 0.0, 0.0, 0.0, 0.0, 0.0, 0.0, 0.0, 0.0, 0.0, 0.0]}, {"genotype": [-54.755842947976426, -44.308670833553315, -60.37183987213693, -49.23461238961373, -37.06134871977838, -12.160676301084576, 39.84363790856151, -0.06383186369188432, 74.29620481155709, -9.047582024127928, 38.31421187232799, 22.5380249714778, 21.06422317507782, 53.969142558751294, 75.17116572994131, 44.88132953800749, -19.965531096389086, 27.56907989624737, 34.965874399989964, 64.86475113427173, -56.84647591206183, -54.776614655458246, 37.7443594735497, 23.10263804633029, -37.05030609865079, 50.083728575994336, 43.91819081091238, -66.16549653899568, -41.70213582511956, 27.712444533976107], "fitness": -2622.8121552082966,