{"number_of_generations": 499, "hof": [{"genotype": [23.588369909979992, 14.595271813824846, -7.701124500776056, -14.931321709612316, -24.630601843592572, 34.78689051401575, 16.164611433519912, 3.687525466749697, 11.522911072923868, -22.558501620329526, 76.77081310244908, 31.07572175746765, 55.072109840988034, 16.283156810702135, -5.209933678670485, -44.037338130780725, -15.636241885102816, 4.0367731437944805, -40.529848107852665, 27.69591923880685, 66.40164160430871, 38.37834421937045, -67.79557683704655, 1.0732914494255026, 16.429867587678533, 79.13252121622114, -25.94165136209879, 20.723795665585566, -46.23498895724326, 73.51037487405765], "fitness": -2959.045399609534, "contributor_spops": [0.00483724610934853, 0.00483724610934853, 0.00483724610934853, 0.004838269563854404, 0.01087548006937619, 0.013289667459684348, 0.007253467524295111, 0.007273785482934518, 0.0072644720404642085, 0.007265370502383291, 0.0072805675527364885, 0.015127640573222547, 0.04636845568979599, 0.010887896156081853, 0.010882208849273945, 0.011642868973953151, 0.012449983679121097, 0.022437628874320863, 0.015418503418784469, 0.022965914756216826, 0.02154503478615161, 0.016656595025191852, 0.014336519353179996, 0.013070239236485828, 0.013068643275713257, 0.026660423677712583, 0.013598297017185037, 0.013598935746098783, 0.013593215136274397, 0.04212823738796547, 0.014562193469925874, 0.014568936305902001, 0.014551777013345129, 0.06058807670177066, 0.048981048046744954, 0.01684405976211978, 0.017329408191780044, 0.016857177287245728, 0.047743950638008334, 0.021184882431960775, 0.031051378860498347, 0.01836307253274123, 0.057567329803948325, 0.052887880279135394, 0.019758437078673412, 0.019758437078673412, 0.021303328674513868, 0.029808565706509034, 0.019999999999999997, 0.02, 0.0]}, {"genotype": [23.58970264857953, 14.601304988838255, -7.702678744760703, -14.948749379881189, -24.662121766193874, 34.796368008956456, 16.16779620670472, 3.6973234698093864, 11.533248558847976, -22.551802991667287, 76.7504099592564, 31.062756015534898, 55.059158833037436, 16.287486024409162, -5.234190987161007, -44.020442650050846, -15.647767458514013, 4.034186406585091, -40.50923641730973, 27.710886177503603, 66.4302461542528, 38.351484617190984, -67.81829355139823, 1.0705412373956102, 16.43108882986774, 79.13583649636324, -25.94518546059973, 20.753706338994782, -46.24490918255585, 73.52530990975258], "fitness": -2959.057394948164, "contributor_spops": [0.0048383217864426615, 0.0048383217864426615, 0.0048383217864426615, 0.004839345480373684, 0.010877898395601736, 0.013292622586783053, 0.007255080478089182, 0.0072754031876529155, 0.007266087567117059, 0.007266986238979478, 0.007282186839657503, 0.015131004062664433, 0.046378762910689826, 0.010890317099257061, 0.010884628510997463, 0.011645429172183145, 0.012452688430963414, 0.022442606054576757, 0.015421793537761134, 0.022971036945288154, 0.021551982357913675, 0.016660893502743298, 0.01433974170921691, 0.013073376457526986, 0.013071678922741197, 0.026666641297800324, 0.013601893739568549, 0.013602573114402132, 0.013596488430409299, 0.04213370515515463, 0.014566673371942212, 0.014573845278217621, 0.014555594000614515, 0.060583771956119706, 0.04898220650789576, 0.016847140247435163, 0.017363338639927617, 0.016861091555340362, 0.04769682487810681, 0.021202121703183863, 0.03099143417590614, 0.018374943586662532, 0.05742831405603036, 0.05249052776214217, 0.019747855574203766, 0.019747855574203766, 0.021286620408607758, 0.030312023178018902, 0.019999999999999997, 0.02, 0.0]}, {"genotype": [28.59911997432634, 21.354094309373767, -4.7936645592652205, -7.783470453803812, -25.970466454758814, 40.41210362820894, 20.79557227102667, 20.74776371030325, 6.086137390607439, -25.69057450020896, 85.30060285123453, 23.487949400757113, 48.78521833333844, 2.678335112413098, -28.144615857940035, -42.983580033246945, -6.256138066558627, -2.717531963544848, -43.03639097763335, 33.87680831253149, 67.70429783549942, 24.56930378904483, -59.619715272311566, -1.8673609127651993, 15.140049299427323, 72.33129119717405, -28.819096554778636, 19.382306406155752, -47.896870346608175, 66.86200026638812], "fitness": -2959.8691465407937, "contributor_spops": [0.006081516046348413, 0.006081516046348413, 0.006081516046348413, 0.006082805551489502, 0.01367292365595569, 0.016708092947490684, 0.009119248112244654, 0.009144847272336012, 0.009133112933553806, 0.009134244896966296, 0.009153391332083803, 0.019018758568892027, 0.05829474861755548, 0.013688499530506711, 0.01368134534543413, 0.014630922693217911, 0.015637415776334984, 0.028206276990757673, 0.019351897737218522, 0.028876942082795502, 0.02759534236457388, 0.02108125425204302, 0.018032340668169246, 0.016486649231604304, 0.016460781879342152, 0.033586330715109525, 0.017231172819541514, 0.01724152068698961, 0.017148809676271685, 0.05204535699486, 0.01860063114934378, 0.018709872052423596, 0.01843182847704601, 0.07198268318672871, 0.05923599614629644, 0.021018588356692056, 0.028823509281608182, 0.021229532165473575, 0.04494041109506921, 0.027497521389275085, 0.030366626331517044, 0.023185324827067116, 0.022843449624631237, 0.022222222222222223, 0.022222222222222223, 0.0, 0.0, 0.0, 0.0, 0.0, 0.0]}, {"genotype": [19.82929420247724, 13.598079868479749, -0.9673500527660885, -26.22026183816961, -11.111563960262105, 23.13320423536314, 16.525032018560022, 17.627038027418287, 8.231046702874075, -25.209379747823387, 78.53662643549255, 35.60172581791509, 33.64861993940633, -0.3557254629294775, -51.30735916689349, -32.268121677375376, -3.336663497044909, 0.11111025298523503, -47.223954000721314, 40.49976556843646, 72.14264617889769, 29.138748352241187, -67.0587100657525, -5.981529212826112, 22.609123856852435, 89.16184672737072, -28.511493567982345, 20.710778859748512, -45.10335741130567, 78.24442795108742], "fitness": -2960.5062937944203, "contributor_spops": [0.007984350818901628, 0.007984350818901628, 0.007984350818901628, 0.007986074920070661, 0.01795076733230548, 0.021935470459427526, 0.011972480416925179, 0.012006701546487076, 0.011991014211983996, 0.011992527068294397, 0.01201811413464045, 0.02496818267168056, 0.07652415349732565, 0.017970845410632035, 0.01796140354288911, 0.0191368004614655, 0.02037104372950753, 0.03700047683426945, 0.025061926900465395, 0.03794958992873265, 0.041617529729116656, 0.02916144626759971, 0.0237596553890078, 0.02222438052315809, 0.02193499254256548, 0.044804334451360894, 0.024055614771356294, 0.024163215563846603, 0.023141048670419953, 0.05866140249343843, 0.027437912809394296, 0.028598203845722727, 0.02560145530909436, 0.05127433748029239, 0.038709116306941085, 0.025539864905060636, 0.02928281213576577, 0.02564102564102564, 0.02564102564102564, 0.0, 0.0, 0.0, 0.0, 0.0, 0.0, 0.0, 0.0, 0.0, 0.0, 0.0, 0.0]}, {"genotype": [21.849087765583796, 5.342509201573392, -2.0264216289713333, -21.4775076208066, -15.917054921698405, 21.777194243634085, 16.16399245219174, 8.218953448934768, 6.259315843196235, -28.636343468037236, 79.37608112968789, 35.20325215922464, 35.935308170250316, -4.255212649586677, -45.14419116294599, -31.355293953144518, -9.889942120446161, 1.128754909372777, -45.14910847892396, 36.09598191788102, 74.57546379800822, 26.55118296923693, -70.40010614513325, -6.474156450465219, 21.940212651596553, 88.59661398987014, -30.878818565189427, 25.261000239507634, -47.40123767352151, 70.69964932661438], "fitness": -2962.989349298258,