{"number_of_generations": 499, "hof": [{"genotype": [24.009595730882427, -28.856391783110986, 72.58196832869076, -54.2204622946115, 23.97748327091762, -43.663842510366216, 60.74340479425253, 57.616922811984956, -72.32456457503879, -32.55117829933445, -5.40611875737223, -15.417929502472827, -52.25397815834038, -72.31831447445354, -10.873225140113629, 71.53841243217623, -8.854159598387168, 33.38332033204346, 30.283976066289515, 35.37680282029592, 54.79415948732816, 43.7226714189367, 85.40846029654516, -52.71245647496358, -53.6437456514875, 34.992384422228334, -2.957865989453152, 42.50631662192133, 60.738574463716034, -19.004656061581063], "fitness": -3176.2737743152975, "contributor_spops": [0.04535619827185103, 0.04535619827185103, 0.04535619827185103, 0.04535619827185103, 0.04535619827185103, 0.04535619827185103, 0.04535619827185103, 0.04535619827185103, 0.04535619827185103, 0.04535619827185103, 0.04535619827185103, 0.04535619827185103, 0.04535619827185103, 0.04535619827185103, 0.04535619827185103, 0.04535619827185103, 0.04535619827185103, 0.04712644756035078, 0.045454545454545456, 0.045454545454545456, 0.045454545454545456, 0.045454545454545456, 0.0, 0.0, 0.0, 0.0, 0.0, 0.0, 0.0, 0.0, 0.0, 0.0, 0.0, 0.0, 0.0, 0.0, 0.0, 0.0, 0.0, 0.0, 0.0, 0.0, 0.0, 0.0, 0.0, 0.0, 0.0, 0.0, 0.0, 0.0, 0.0]}, {"genotype": [24.127898884971955, -28.83369086744378, 72.6278209027364, -54.24692505189589, 24.016749733636193, -43.50541617511371, 60.580055282369486, 57.6598670251504, -72.24746781122363, -32.59585608480988, -5.323435028989985, -15.553378411807065, -52.257253827269324, -72.50240896675828, -10.913048035559292, 71.54424536205836, -8.861208569042118, 33.361379652886306, 30.239425257819907, 35.41593827305596, 55.0074302585854, 43.81966653175223, 85.32957498696715, -52.90686602465752, -53.44687284227221, 34.9460099864041, -2.8839001788996264, 42.28678728802264, 60.68687413795103, -18.99076482491633], "fitness": -3176.6175440122724, "contributor_spops": [0.045411805505799, 0.045411805505799, 0.045411805505799, 0.045411805505799, 0.045411805505799, 0.045411805505799, 0.045411805505799, 0.045411805505799, 0.045411805505799, 0.045411805505799, 0.045411805505799, 0.045411805505799, 0.045411805505799, 0.045411805505799, 0.045411805505799, 0.045411805505799, 0.045411805505799, 0.04618112458323528, 0.045454545454545456, 0.045454545454545456, 0.045454545454545456, 0.045454545454545456, 0.0, 0.0, 0.0, 0.0, 0.0, 0.0, 0.0, 0.0, 0.0, 0.0, 0.0, 0.0, 0.0, 0.0, 0.0, 0.0, 0.0, 0.0, 0.0, 0.0, 0.0, 0.0, 0.0, 0.0, 0.0, 0.0, 0.0, 0.0, 0.0]}, {"genotype": [22.045870862329238, -30.636947105386994, 76.34690478880323, -57.810237574076204, 22.100016167527368, -51.256578776491594, 60.63722489743989, 59.057440622105645, -77.46533374608033, -31.845553787964434, -9.828364188601874, -18.003282196952274, -49.73534359718512, -66.43658087671098, -3.909478043939992, 69.29366553380083, -7.403108331518244, 31.1606865085955, 37.083052801688126, 31.744010775051986, 51.5442407170516, 41.24421986805009, 82.82226872915844, -47.64603716472216, -52.95845768497218, 38.991755580113704, -4.038683800839478, 49.37418715919975, 64.77524663320791, -23.041954436169178], "fitness": -3177.55531588542, "contributor_spops": [0.04758289222031183, 0.04758289222031183, 0.04758289222031183, 0.04758289222031183, 0.04758289222031183, 0.04758289222031183, 0.04758289222031183, 0.04758289222031183, 0.04758289222031183, 0.04758289222031183, 0.04758289222031183, 0.04758289222031183, 0.04758289222031183, 0.04758289222031183, 0.04758289222031183, 0.04758289222031183, 0.04758289222031183, 0.04823368939755594, 0.047619047619047616, 0.047619047619047616, 0.047619047619047616, 0.0, 0.0, 0.0, 0.0, 0.0, 0.0, 0.0, 0.0, 0.0, 0.0, 0.0, 0.0, 0.0, 0.0, 0.0, 0.0, 0.0, 0.0, 0.0, 0.0, 0.0, 0.0, 0.0, 0.0, 0.0, 0.0, 0.0, 0.0, 0.0, 0.0]}, {"genotype": [21.990683811022468, -30.871978743422012, 76.07857876271346, -58.1617610056037, 22.35373866850084, -51.97529394559681, 60.57581246848686, 59.25506417032055, -77.37956908909511, -31.772027892195975, -9.732912630783964, -17.870131030480923, -50.23989482910514, -66.46427073835204, -3.969508481533297, 69.2026493553086, -7.2241827025497605, 31.505943825293716, 37.292526568265124, 31.85225066468353, 51.4211951829803, 41.18736931082069, 83.07184997247272, -47.29224652875164, -52.771588881105046, 39.52782090122623, -4.437522594874347, 49.35590676467085, 64.81445693491628, -23.181290652442296], "fitness": -3180.593285883946, "contributor_spops": [0.04758499938554444, 0.04758499938554444, 0.04758499938554444, 0.04758499938554444, 0.04758499938554444, 0.04758499938554444, 0.04758499938554444, 0.04758499938554444, 0.04758499938554444, 0.04758499938554444, 0.04758499938554444, 0.04758499938554444, 0.04758499938554444, 0.04758499938554444, 0.04758499938554444, 0.04758499938554444, 0.04758499938554444, 0.048197867588601624, 0.047619047619047616, 0.047619047619047616, 0.047619047619047616, 0.0, 0.0, 0.0, 0.0, 0.0, 0.0, 0.0, 0.0, 0.0, 0.0, 0.0, 0.0, 0.0, 0.0, 0.0, 0.0, 0.0, 0.0, 0.0, 0.0, 0.0, 0.0, 0.0, 0.0, 0.0, 0.0, 0.0, 0.0, 0.0, 0.0]}, {"genotype": [21.331099393732536, -30.84872455376026, 75.16965330090069, -60.640320849, 23.883885972729896, -51.891808966499454, 60.369357856053355, 60.60458428710498, -78.86873872625284, -32.474442654362335, -9.353150040232325, -18.377146229406534, -51.519303507382894, -67.22739971785606, -2.5915456282330442, 68.77805297218565, -8.139384145585844, 30.81619509683491, 39.01296005321101, 31.544101344535626, 52.90022672940459, 42.367940887247244, 82.76016588481161, -46.43571446128049, -51.48524694043493, 40.03239264348633, -4.6812193834065665, 47.843735960113264, 65.70698335251299, -20.981957420037944], "fitness": -3189.118191272519, "contributor_spops": [0.04758805320376441, 0.04758805320376441, 0.04758805320376441, 0.04758805320376441, 0.04758805320376441, 0.04758805320376441, 0.04758805320376441, 0.04758805320376441, 0.04758805320376441, 0.04758805320376441, 0.04758805320376441, 0.04758805320376441, 0.04758805320376441, 0.04758805320376441, 0.04758805320376441, 0.04758805320376441, 0.04758805320376441, 0.04814595267886207, 0.047619047619047616, 0.047619047619047616, 0.047619047619047616, 0.0, 0.0, 0.0, 0.0, 0.0, 0.0, 0.0, 0.0, 0.0, 0.0, 0.0, 0.0, 0.0, 0.0, 0.0, 0.0, 0.0, 0.0, 0.0, 0.0, 0.0, 0.0, 0.0, 0.0, 0.0, 0.0, 0.0, 0.0, 0.0, 0.0]}, {"genotype": [23.11934719886576, -32.537954743781675, 74.77403120366355, -54.746477307911285, 19.86139054441477, -52.0329810454457, 62.492972466007494, 55.790786667807104, -76.72296702279142, -32.11407031032111, -10.458535671984006, -19.776061908506357, -48.39149266670331, -68.0808754452873, -8.610033182006456, 69.86482088446036, -7.136353549439931, 33.128583002877996, 35.29692906498094, 31.802637945941257, 49.28162308667411, 40.69260697873951, 82.74217969222887, -47.51937618659269, -54.28059032413641, 38.61942539217246, -2.743005390207866, 50.09459248975096, 66.25699532936727, -25.665607312702097], "fitness": -3196.5145857944435,