{"number_of_generations": 499, "hof": [{"genotype": [54.58938900659836, 78.33971928057295, -66.56803229152537, -88.66970060915644, 78.93753209213477, 73.30973208096022, -45.44763840905843, 21.782348191747968, -73.04287464642502, -31.48169488686619, 85.31777407020859, -80.7960835466568, -43.09968769162382, 89.60415863728916, 24.770671558355335, 16.884840763398948, 28.11185579706638, -48.79905142121659, 65.73287469778859, -81.70657388032744, -61.380960650752435, 61.138365839179606, -34.93665558474299, -71.2223927724101, -28.942583652398213, -78.6655199506791, -61.838277517197334, 49.17674364233931, -13.51544119072395, -40.98622799472444], "fitness": -2916.0077085388416, "contributor_spops": [0.042073126251770565, 0.042073126251770565, 0.058718754596958425, 0.06649443458082081, 0.06235024125133479, 0.05434193658653104, 0.05434193658653104, 0.05434193658653104, 0.0567829334105782, 0.05781695689130094, 0.061104418685880776, 0.05622686498665846, 0.05555555555555555, 0.05555555555555555, 0.05555555555555555, 0.05555555555555555, 0.05555555555555555, 0.05555555555555555, 0.0, 0.0, 0.0, 0.0, 0.0, 0.0, 0.0, 0.0, 0.0, 0.0, 0.0, 0.0, 0.0, 0.0, 0.0, 0.0, 0.0, 0.0, 0.0, 0.0, 0.0, 0.0, 0.0, 0.0, 0.0, 0.0, 0.0, 0.0, 0.0, 0.0, 0.0, 0.0, 0.0]}, {"genotype": [54.611755139928334, 77.89840945834312, -66.7157414401563, -88.6226518122899, 78.85290366642158, 73.45403957662465, -45.51776800829999, 21.583811974012484, -72.88586787406507, -31.615583319914553, 85.2739959878399, -81.04182606347277, -43.2226015044001, 89.79797731566296, 24.662283054529123, 17.13404856103117, 28.34408927053795, -49.03411410664382, 65.36137753109122, -81.67179530093827, -61.35785437938402, 61.42081776447541, -35.010090794905565, -71.46950939469893, -29.00660860500138, -78.61127504553413, -61.716624589584036, 49.06077357893312, -13.549217368095817, -40.84588973742798], "fitness": -2916.5649634275514, "contributor_spops": [0.042073126251770565, 0.042073126251770565, 0.058718754596958425, 0.06649443458082081, 0.06235024125133479, 0.05434193658653104, 0.05434193658653104, 0.05434193658653104, 0.0567829334105782, 0.05781695689130094, 0.061104418685880776, 0.05622686498665846, 0.05555555555555555, 0.05555555555555555, 0.05555555555555555, 0.05555555555555555, 0.05555555555555555, 0.05555555555555555, 0.0, 0.0, 0.0, 0.0, 0.0, 0.0, 0.0, 0.0, 0.0, 0.0, 0.0, 0.0, 0.0, 0.0, 0.0, 0.0, 0.0, 0.0, 0.0, 0.0, 0.0, 0.0, 0.0, 0.0, 0.0, 0.0, 0.0, 0.0, 0.0, 0.0, 0.0, 0.0, 0.0]}, {"genotype": [55.01886711563272, 84.79907945019892, -65.55601953967762, -88.04156614226963, 79.1529682862179, 73.60344615730874, -47.63529430720119, 22.8808770504533, -73.84903873733789, -28.56460289788183, 85.2972398220407, -77.91113850177683, -47.4768953194343, 83.1988546254206, 23.68149576872901, 10.667086811850366, 24.051204524880852, -48.60097433778934, 72.3452086500306, -85.57372288245847, -60.30385309017889, 61.273863381836534, -38.27631518985158, -71.21834452921304, -32.522681304555846, -82.90795856429189, -62.45945246652366, 53.95418522228548, -12.506234618870298, -41.47999024022161], "fitness": -2942.8604246438517, "contributor_spops": [0.042073126251770565, 0.042073126251770565, 0.058718754596958425, 0.06649443458082081, 0.06235024125133479, 0.05434193658653104, 0.05434193658653104, 0.05434193658653104, 0.0567829334105782, 0.05781695689130094, 0.061104418685880776, 0.05622686498665846, 0.05555555555555555, 0.05555555555555555, 0.05555555555555555, 0.05555555555555555, 0.05555555555555555, 0.05555555555555555, 0.0, 0.0, 0.0, 0.0, 0.0, 0.0, 0.0, 0.0, 0.0, 0.0, 0.0, 0.0, 0.0, 0.0, 0.0, 0.0, 0.0, 0.0, 0.0, 0.0, 0.0, 0.0, 0.0, 0.0, 0.0, 0.0, 0.0, 0.0, 0.0, 0.0, 0.0, 0.0, 0.0]}, {"genotype": [54.63818171957111, 84.60276816751242, -68.12528353700064, -87.64754814984107, 79.79195445390033, 72.33126703220442, -45.96588720514196, 23.093081651401658, -73.45414868982876, -28.360752933893068, 85.82697337766278, -79.55362389761976, -46.30498546899955, 84.32969468578644, 22.45295449765885, 10.53495635138298, 23.460587116703795, -49.385428393743744, 72.66267625053439, -85.82465170386253, -61.38449302668979, 60.92777831224457, -38.16661354483602, -73.50826656369954, -31.217513783459438, -82.71538196748776, -61.13171337368019, 53.1965432499037, -13.311745948604722, -42.483212198626894], "fitness": -2947.943886287693, "contributor_spops": [0.04454801603128648, 0.04454801603128648, 0.0621727989850148, 0.0704058719091044, 0.0660179025014133, 0.0575385210916211, 0.0575385210916211, 0.0575385210916211, 0.060123105964141624, 0.06121795435549511, 0.06469879625563847, 0.05953432763293248, 0.058823529411764705, 0.058823529411764705, 0.058823529411764705, 0.058823529411764705, 0.058823529411764705, 0.0, 0.0, 0.0, 0.0, 0.0, 0.0, 0.0, 0.0, 0.0, 0.0, 0.0, 0.0, 0.0, 0.0, 0.0, 0.0, 0.0, 0.0, 0.0, 0.0, 0.0, 0.0, 0.0, 0.0, 0.0, 0.0, 0.0, 0.0, 0.0, 0.0, 0.0, 0.0, 0.0, 0.0]}, {"genotype": [54.02674193160708, 85.0151966478578, -68.33859161179754, -88.18199121653791, 80.79943239137909, 72.03846041321536, -45.816432485283464, 22.785170763282192, -73.28250688906422, -28.587411448544565, 85.93251540596168, -79.53595630632964, -46.35531918419932, 84.14011576076251, 22.06377684319849, 10.605977259476129, 23.456962898412478, -49.96292270494905, 72.52315290459606, -86.31237492489521, -61.2002329948924, 60.60967840166518, -38.21657595765495, -73.19056450429828, -30.805972055908693, -82.40218395014536, -61.80975615073088, 53.03312109729171, -14.005307872681593, -43.184420935340114], "fitness": -2950.1923635405888, "contributor_spops": [0.04454801603128648, 0.04454801603128648, 0.0621727989850148, 0.0704058719091044, 0.0660179025014133, 0.0575385210916211, 0.0575385210916211, 0.0575385210916211, 0.060123105964141624, 0.06121795435549511, 0.06469879625563847, 0.05953432763293248, 0.058823529411764705, 0.058823529411764705, 0.058823529411764705, 0.058823529411764705, 0.058823529411764705, 0.0, 0.0, 0.0, 0.0, 0.0, 0.0, 0.0, 0.0, 0.0, 0.0, 0.0, 0.0, 0.0, 0.0, 0.0, 0.0, 0.0, 0.0, 0.0, 0.0, 0.0, 0.0, 0.0, 0.0, 0.0, 0.0, 0.0, 0.0, 0.0, 0.0, 0.0, 0.0, 0.0, 0.0]}, {"genotype": [44.317861276035565, 83.9662713388743, -84.04983801186206, -58.14845662223832, 85.23764818264524, 82.95256594962123, -67.55103526883319, 48.116358138192844, -75.00292968174324, -41.1958987412857, 92.03071679074304, -78.19854947829832, -8.967306434703982, 72.59502642291113, 40.943334464750535, 22.036988708733396, 37.54221393166928, -39.13522115711632, 64.68942429489388, -49.77908446079216, -73.56912661511232, 93.17077835742525, -61.701561180062306, -72.97096042220628, -19.3457647703341, -94.11212630603036, -59.168627489202066, 37.61912026217133, -1.190127033209535, -52.10437557830479], "fitness": -2959.2465154585334, "contributor_spops": [0.0529923391635547, 0.0529923391635547, 0.0707077743829989, 0.0781774128372174, 0.07389989224626135, 0.06575395155871741, 0.06575395155871741, 0.06575395155871741, 0.06843759291347211, 0.06915126657113432, 0.06962334314982097, 0.06675618489583332, 0.06666666666666667, 0.06666666666666667, 0.06666666666666667, 0.0, 0.0, 0.0, 0.0, 0.0, 0.0, 0.0, 0.0, 0.0, 0.0, 0.0, 0.0, 0.0, 0.0, 0.0, 0.0, 0.0, 0.0, 0.0, 0.0, 0.0, 0.0, 0.0, 0.0, 0.0, 0.0, 0.0, 0.0, 0.0, 0.0, 0.0, 0.0, 0.0, 0.0, 0.0, 0.0]}, {"genotype": [47.66095157010141, 71.11830676412761, -67.24005720231374, -76.32254702621007, 67.33020479435163, 68.14693053037826, -43.88050940670739, 37.64927265340994, -62.27541173043778, -29.679100080434743, 82.9986277852096, -88.14913343343936, -28.408778887261008, 80.27199750821866, 35.97394110094123, 27.60439930885967, 13.366158613585913, -27.166912812440078, 59.659427520905666, -68.0728070556262, -72.35700318173731, 78.30183663002327, -59.56890592201087, -91.90522871414063, -25.498499803821275, -80.18022789373565, -53.89512005086827, 54.23252590428165, -24.821281519197477, -44.330954002130795], "fitness": -2973.965520652102,