{"number_of_generations": 499, "hof": [{"genotype": [-76.12510840499985, -80.28264665503562, -57.05757483990959, 59.23381914743972, -84.53698166180223, -53.75372618067491, 86.97644429012963, -56.53283246891221, -82.82515822971158, -63.80586249756445, 31.637101946264497, 16.413867105659342, -16.553665156680538, -85.50280196892218, 61.04169840192781, -46.31913949209362, 54.77690350560644, 22.587564801902495, 1.9365200857435063, -50.57538398781208, 67.9706482766702, -25.704617011179604, 17.679609810528163, -43.17696911906664, -8.272395142455098, 39.62097683084044, 81.02249326218157, -58.85845270996988, 73.47746282156743, -93.98109689591169], "fitness": -2791.3769267922676, "contributor_spops": [0.035802568525399696, 0.035802568525399696, 0.035802568525399696, 0.035802568525399696, 0.035802568525399696, 0.035802568525399696, 0.035802568525399696, 0.035802568525399696, 0.07320584434863321, 0.03995848806131454, 0.03995848806131454, 0.03995848806131454, 0.03995848806131454, 0.03995848806131454, 0.03995848806131454, 0.03995848806131454, 0.03995848806131454, 0.03995848806131454, 0.03995848806131454, 0.03995848806131454, 0.04010926099050613, 0.04072097778320312, 0.04, 0.04, 0.04, 0.0, 0.0, 0.0, 0.0, 0.0, 0.0, 0.0, 0.0, 0.0, 0.0, 0.0, 0.0, 0.0, 0.0, 0.0, 0.0, 0.0, 0.0, 0.0, 0.0, 0.0, 0.0, 0.0, 0.0, 0.0, 0.0]}, {"genotype": [-83.22177674216618, -71.78624666002577, -60.67513571042604, 68.32764717231272, -60.56040169880367, -66.59850891156789, 90.45369995183894, -67.62055717179472, -83.34903489845956, -66.33606638295947, 5.83237589866526, 24.585578004907145, -13.003845322538503, -81.11485522124217, 60.620627601396215, -34.85997922671433, 51.543994911531115, 24.94666504079798, 12.979766721126614, -35.40222491002236, 75.63697468534775, -31.010910216783664, 11.537501303885035, -58.44527395615584, 7.325831846850145, 53.56156252949633, 81.8040694924722, -41.0553530124342, 68.02110344328881, -86.6124755665844], "fitness": -2804.1392893058974, "contributor_spops": [0.05727713483987236, 0.05727713483987236, 0.05727713483987236, 0.05727713483987236, 0.05727713483987236, 0.05727713483987236, 0.05727713483987236, 0.05727713483987236, 0.07119468598690336, 0.058823529411764705, 0.058823529411764705, 0.058823529411764705, 0.058823529411764705, 0.058823529411764705, 0.058823529411764705, 0.058823529411764705, 0.058823529411764705, 0.0, 0.0, 0.0, 0.0, 0.0, 0.0, 0.0, 0.0, 0.0, 0.0, 0.0, 0.0, 0.0, 0.0, 0.0, 0.0, 0.0, 0.0, 0.0, 0.0, 0.0, 0.0, 0.0, 0.0, 0.0, 0.0, 0.0, 0.0, 0.0, 0.0, 0.0, 0.0, 0.0, 0.0]}, {"genotype": [-96.93653736635032, -85.62733916785308, -49.600802112364256, 79.77282856317916, -56.97520800575765, -46.933276986323584, 72.7692276460253, -74.44976814384891, -79.86236590068074, -55.13578768190525, 36.327351543691066, 27.98383928244884, -7.09341157289184, -68.36735215355172, 56.18778172449385, -45.14319806500505, 57.46472029044943, -10.693307529289292, 4.366974193741369, -64.3525703860083, 57.6032083205172, -35.397286250938116, 14.516010716269884, -53.718313715860226, -7.981797389637215, 42.01527214203597, 88.07469437907422, -47.26448225818638, 67.03179197778927, -90.41502081074947], "fitness": -2808.6436504271433, "contributor_spops": [0.0651176996838512, 0.0651176996838512, 0.0651176996838512, 0.0651176996838512, 0.0651176996838512, 0.0651176996838512, 0.0651176996838512, 0.0651176996838512, 0.07905840252919036, 0.06666666666666667, 0.06666666666666667, 0.06666666666666667, 0.06666666666666667, 0.06666666666666667, 0.06666666666666667, 0.0, 0.0, 0.0, 0.0, 0.0, 0.0, 0.0, 0.0, 0.0, 0.0, 0.0, 0.0, 0.0, 0.0, 0.0, 0.0, 0.0, 0.0, 0.0, 0.0, 0.0, 0.0, 0.0, 0.0, 0.0, 0.0, 0.0, 0.0, 0.0, 0.0, 0.0, 0.0, 0.0, 0.0, 0.0, 0.0]}, {"genotype": [-78.61506935139276, -88.33242039390676, -47.97512539682808, 70.34269071692447, -86.02026080009678, -28.03034545501105, 78.25540790119273, -63.04943748783007, -80.32872090321351, -56.079531042075836, 51.65145889535796, 19.896564172402282, 35.411264604927354, -80.31014843328414, 52.2648284301672, -43.41614325157657, 45.134022038508746, 18.61386557815982, 4.903006211066067, -49.12601455239573, 66.73163203846727, -32.80658463152298, 14.668071410580904, -44.02296003448904, 7.043569162364344, 61.677808888343044, 79.94520810519708, -46.999010260885164, 79.62214689935688, -85.17069669797087], "fitness": -2818.815555531344, "contributor_spops": [0.1, 0.1, 0.1, 0.1, 0.1, 0.1, 0.1, 0.1, 0.1, 0.1, 0.0, 0.0, 0.0, 0.0, 0.0, 0.0, 0.0, 0.0, 0.0, 0.0, 0.0, 0.0, 0.0, 0.0, 0.0, 0.0, 0.0, 0.0, 0.0, 0.0, 0.0, 0.0, 0.0, 0.0, 0.0, 0.0, 0.0, 0.0, 0.0, 0.0, 0.0, 0.0, 0.0, 0.0, 0.0, 0.0, 0.0, 0.0, 0.0, 0.0, 0.0]}, {"genotype": [-78.76237503325629, -88.23593690159181, -48.358182121563225, 70.47302202554188, -85.99009667688387, -27.719027533789408, 78.05828908293213, -63.06926315800068, -79.9776943760569, -56.377014147859164, 51.494032035253746, 20.11345106055552, 35.33371052609422, -79.61969539547846, 52.369384169523165, -42.60176444020137, 45.28670920857213, 18.509733721500645, 4.951003610624785, -49.41213343603204, 67.03620974835336, -32.48191571577373, 14.125383086129155, -44.21857310441196, 6.727298729973773, 61.47699625833794, 80.5524100989772, -46.885752222030725, 78.8938520609489, -84.75749550953896], "fitness": -2821.8557251523, "contributor_spops": [0.1, 0.1, 0.1, 0.1, 0.1, 0.1, 0.1, 0.1, 0.1, 0.1, 0.0, 0.0, 0.0, 0.0, 0.0, 0.0, 0.0, 0.0, 0.0, 0.0, 0.0, 0.0, 0.0, 0.0, 0.0, 0.0, 0.0, 0.0, 0.0, 0.0, 0.0, 0.0, 0.0, 0.0, 0.0, 0.0, 0.0, 0.0, 0.0, 0.0, 0.0, 0.0, 0.0, 0.0, 0.0, 0.0, 0.0, 0.0, 0.0, 0.0, 0.0]}, {"genotype": [-95.43479839864102, -95.00855162202565, -58.85232232513603, 76.72040061506179, -69.66246996805063, -61.135540660362544, 93.42794555409365, -53.08913015794288, -88.35374862533999, -81.30238872613643, 38.07251580959633, 35.73851746845669, -7.348938716031691, -63.06680379105385, 53.57965815253362, -33.020088720329646, -1.0396853712996492, -28.23702506209033, 14.526973772449864, -59.13927854982482, 56.308304235174305, -14.414479698982888, 10.77784743492686, -55.85027268381651, 10.884334638340656, 44.7106971937779, 69.65182849279505, -64.34635529823278, 44.26172213353428, -96.59286349806958], "fitness": -2841.759536991919, "contributor_spops": [0.14285714285714285, 0.14285714285714285, 0.14285714285714285, 0.14285714285714285, 0.14285714285714285, 0.14285714285714285, 0.14285714285714285, 0.0, 0.0, 0.0, 0.0, 0.0, 0.0, 0.0, 0.0, 0.0, 0.0, 0.0, 0.0, 0.0, 0.0, 0.0, 0.0, 0.0, 0.0, 0.0, 0.0, 0.0, 0.0, 0.0, 0.0, 0.0, 0.0, 0.0, 0.0, 0.0, 0.0, 0.0, 0.0, 0.0, 0.0, 0.0, 0.0, 0.0, 0.0, 0.0, 0.0, 0.0, 0.0, 0.0, 0.0]}, {"genotype": [-95.52435462717872, -94.98528580227124, -58.69364266857348, 76.76094763767153, -69.60747495907636, -61.395775381046164, 93.48364760750995, -53.41370676084355, -89.01382799914279, -81.14667115114811, 37.90807219241552, 35.58516703339244, -7.162815134121739, -62.870607021995454, 53.7727200081907, -32.73600525785246, -0.9635550815006937, -27.971870943067646, 14.640114074346466, -59.38369092936684, 55.73416614657648, -13.95715512321235, 10.508859603943229, -55.66046744854542, 11.003178455189099, 44.694565452210384, 69.60001377222434, -64.26437228367598, 44.103718214425314, -97.00319015803238], "fitness": -2845.2578545732827,