{"number_of_generations": 499, "hof": [{"genotype": [-82.83204497393767, -45.13110454223037, -87.23942772999874, -81.05242965929712, -40.28909071220985, -89.13077238212216, 87.7790054657218, 93.20840239878474, 55.65836174854808, 86.63272266610934, 25.12861838799816, 93.42354761337012, 82.68492505257505, -81.99559397408838, -88.79988678833571, -78.44619131558665, 86.94548100891728, 71.33476313093213, -55.96796807267332, -93.2879214702185, 93.61223122183553, 65.06561842202711, -81.22214689476375, -85.1432715708588, 74.51357491820393, -68.70282285826028, -41.88775579534603, 86.23741070365037, 61.09537087761552, 69.83492315771242], "fitness": -3246.6629636759976, "contributor_spops": [0.022620526422089778, 0.02535665038623377, 0.030624317375682185, 0.0352887082434849, 0.02847255060687267, 0.04554986091066586, 0.0327106857315951, 0.031517614239517766, 0.03338136891988748, 0.03222554858309849, 0.04135969366003302, 0.034291525124067176, 0.03363721131326586, 0.032848943193576466, 0.03386402990976642, 0.03697078837449617, 0.03363881061317389, 0.03333892307459882, 0.033425675592945084, 0.033264656195971784, 0.03345372850062736, 0.034652256450156974, 0.03342248544367374, 0.033720941256002515, 0.03350016760675731, 0.033470050876832316, 0.0333922813949271, 0.03333333333333333, 0.03333333333333333, 0.03333333333333333, 0.0, 0.0, 0.0, 0.0, 0.0, 0.0, 0.0, 0.0, 0.0, 0.0, 0.0, 0.0, 0.0, 0.0, 0.0, 0.0, 0.0, 0.0, 0.0, 0.0, 0.0]}, {"genotype": [-83.37319982338485, -43.83785235171862, -86.6832028993914, -80.6277973534157, -40.39020200199357, -90.3255406704723, 88.13299997785018, 94.09921483263561, 55.551699549782576, 86.71548307337068, 26.316383850530038, 93.76055635593873, 83.07813915287879, -81.8094198369565, -88.2175304197496, -78.47638030594062, 86.81139936995208, 72.3663448074919, -55.43675648499351, -93.29973173791869, 94.37465142614944, 65.2746068018968, -82.4928416272232, -84.80257343140785, 72.34126276776684, -67.83955571831616, -42.19130651300087, 86.37670962637033, 60.42771897196138, 69.92479639128433], "fitness": -3247.988372651922, "contributor_spops": [0.02265485261368476, 0.025393610544057584, 0.03066347352333599, 0.03531467775906164, 0.028506653610035005, 0.04554496531151145, 0.03273360976474761, 0.031544549018062015, 0.033402096149660054, 0.03224954277883242, 0.041374665217927285, 0.03431159577781524, 0.03365856719942018, 0.03287329686678087, 0.03387598584243731, 0.03696260828155902, 0.033660308546505924, 0.03335342656369235, 0.03344648421484321, 0.03328507173017903, 0.03344369825733446, 0.034462257093805196, 0.033412647845620445, 0.033648183632192505, 0.033475568129085365, 0.033414270394479736, 0.03333333333333333, 0.03333333333333333, 0.03333333333333333, 0.03333333333333333, 0.0, 0.0, 0.0, 0.0, 0.0, 0.0, 0.0, 0.0, 0.0, 0.0, 0.0, 0.0, 0.0, 0.0, 0.0, 0.0, 0.0, 0.0, 0.0, 0.0, 0.0]}, {"genotype": [0.2407878773714769, -26.703277660851942, -90.73847914563248, -80.9090843061622, -39.92644827330055, -91.09496995658763, 88.9794093009902, 89.2655016729689, 60.42319972403022, 80.81540280269324, 26.38782040067206, 91.86583517741764, 91.4966999861112, -89.3722086393366, -82.51517274162087, -87.64843871914016, 82.66436322765828, 74.22263047259855, -45.29785601848258, -93.60751211514767, 94.48041188155997, 65.61838790789774, -73.51075229771229, -86.70001537503562, 56.84312245804331, -54.4419141328882, -51.79440508413882, 84.83447909667416, 44.70192523313818, 77.40129407203061], "fitness": -3249.6064466667867, "contributor_spops": [0.03741581993377628, 0.04092869261766769, 0.04725049174436161, 0.050579126398274096, 0.04404353267351993, 0.05761438462843573, 0.04724823034733006, 0.046440039763337916, 0.04768009745231427, 0.046870702851127787, 0.05437175665313867, 0.04839635674635953, 0.04803952927106181, 0.04745221239082349, 0.04800522245848241, 0.04927967636962649, 0.04790793722417174, 0.047619047619047616, 0.047619047619047616, 0.047619047619047616, 0.047619047619047616, 0.0, 0.0, 0.0, 0.0, 0.0, 0.0, 0.0, 0.0, 0.0, 0.0, 0.0, 0.0, 0.0, 0.0, 0.0, 0.0, 0.0, 0.0, 0.0, 0.0, 0.0, 0.0, 0.0, 0.0, 0.0, 0.0, 0.0, 0.0, 0.0, 0.0]}, {"genotype": [2.2042389123699926, -25.30236766469849, -90.63109699394364, -86.71828284292535, -46.39534543726193, -91.09382639833697, 90.19683430878133, 86.72011706363125, 49.88454025795154, 82.34775302630413, 21.341535690172098, 89.03625966716378, 86.28401025520193, -91.58183452317145, -86.49655852605146, -81.29093059049104, 85.06187347103817, 70.40606817199493, -46.50205841540764, -89.3228231197624, 89.20030477486105, 63.34903536226595, -74.74216963803251, -81.6910657149883, 60.693026974575666, -48.447805650784574, -49.28857718741418, 85.54136377744396, 42.484103489517565, 75.67058861622662], "fitness": -3254.8612435546506, "contributor_spops": [0.04637709863797772, 0.049393832907200334, 0.05448595338877935, 0.055384186951251586, 0.051410267971302256, 0.05692833956196903, 0.052561227991100135, 0.052362986772797215, 0.052618715890816105, 0.052427933113220394, 0.0546818054849651, 0.052821157355182655, 0.05268325273122595, 0.05262590451982983, 0.052711020932908643, 0.05263157894736842, 0.05263157894736842, 0.05263157894736842, 0.05263157894736842, 0.0, 0.0, 0.0, 0.0, 0.0, 0.0, 0.0, 0.0, 0.0, 0.0, 0.0, 0.0, 0.0, 0.0, 0.0, 0.0, 0.0, 0.0, 0.0, 0.0, 0.0, 0.0, 0.0, 0.0, 0.0, 0.0, 0.0, 0.0, 0.0, 0.0, 0.0, 0.0]}, {"genotype": [5.866243895211993, -31.124169315343533, -83.02644605820042, -87.2729841532341, -47.375825151580145, -92.03921223061644, 85.98007128043817, 79.75747108671045, 55.01268356590046, 90.35580020829788, 18.59186565264779, 88.12072580025622, 89.36251144015534, -86.93814180455449, -91.35473877752356, -81.32557940761741, 88.8863351437302, 73.05051174842556, -44.199640315249965, -93.0304624550177, 88.40671661979114, 64.24518591408975, -70.88031110043342, -83.92034242190758, 56.16988081002809, -39.950922053396965, -50.903206856052556, 80.32881546060301, 38.63760336974365, 73.39192102765034], "fitness": -3259.11211923654, "contributor_spops": [0.04946506482502125, 0.05250561591018767, 0.05761196448047203, 0.05837900993838882, 0.054490413788517454, 0.05960851552330294, 0.055538625181645415, 0.055371315663933655, 0.05557842576201366, 0.05542303243595349, 0.05687020211885757, 0.05571547682240775, 0.055588795645272665, 0.05554972754584418, 0.05563714769151476, 0.05555555555555555, 0.05555555555555555, 0.05555555555555555, 0.0, 0.0, 0.0, 0.0, 0.0, 0.0, 0.0, 0.0, 0.0, 0.0, 0.0, 0.0, 0.0, 0.0, 0.0, 0.0, 0.0, 0.0, 0.0, 0.0, 0.0, 0.0, 0.0, 0.0, 0.0, 0.0, 0.0, 0.0, 0.0, 0.0, 0.0, 0.0, 0.0]}, {"genotype": [-1.3555060042951386, -29.938727791895147, -88.55427612563606, -82.01894568044763, -42.2771700605527, -89.07410617383276, 90.66367563601477, 86.91719702382287, 53.929967410871804, 90.19158008793745, 23.131658627874803, 85.60877904075392, 88.40836207320213, -92.4701787071234, -88.21276076361704, -89.17727466542028, 84.78847992038297, 80.38345864107177, -42.374875281549684, -92.95531241237013, 90.9349570310177, 62.22634463036112, -69.63915867436725, -85.56408517034708, 55.719765951681666, -31.13131764734669, -49.97966467032658, 83.81562010064086, 41.688826085614615, 76.16664709840137], "fitness": -3259.6575868613772,