{"number_of_generations": 9, "hof": [{"genotype": [-16.018613104925745, -46.35960777763523, -39.19829307819797, -49.78547958636168, 29.84901721173187, 53.96507857097293, 34.28851826069092, -19.81364280405528, 73.75328507404835, 39.18268896114162, 12.049211675586156, 18.023855078580848, -63.14529570296024, 12.284859218303541, -57.77451100773007, -29.04284628411322, 3.2698437407159746, 56.94751828219995, -0.6903401611277644, -20.09240724298955, 25.00599665568332, -20.184511124205997, -36.02049753480722, -27.71692764173992, 6.96152848259074, 2.178029129246042, -44.74446502351641, -46.0209366130638, 20.106872334481675, 2.801821471188436], "fitness": -161871044275.9001, "contributor_spops": [1.0, 0.0]}, {"genotype": [-53.980147028514736, -56.615867598427315, -34.453913632176295, -44.954209165849974, 19.224728361940553, 28.774741126541716, 28.796625219841907, -5.947583827372748, 37.34100044448696, -0.550999286323, 36.13672958307208, 37.31992665514081, -5.178853412034713, 22.219724232023466, -42.272837276298716, -52.18606348834714, 19.91708228085235, 50.17786163008235, 1.0580803356047923, -8.847478779510835, -11.28503254083387, -1.294593647556511, -43.206495129511715, -30.66898222247734, 4.268856334165626, 11.72147632435674, -22.174535746409525, -3.6982209409098195, 13.326057019102114, -59.75516280928642], "fitness": -199547802128.5646, "contributor_spops": [1.0, 0.0]}, {"genotype": [-0.4853187635371832, -58.44337304812459, -12.547794051281562, -60.27722996064829, 36.465831558112974, 7.865122274357434, 33.88982398819449, 11.896948322498378, 48.22490623843075, 28.240198498118623, 10.985917515103932, 39.78219780897225, -25.878720577930142, 16.8893277649433, -7.051449470024469, 2.3792781970349512, -7.929876595421416, 17.33208792731468, -33.992500812392485, -19.404499783105216, -7.189471781959211, -6.8208061727285605, -29.223607618066247, -23.8561971807656, 28.715755448692644, 23.486257630586636, -56.90601226560853, -14.533154333831321, 21.67814809332421, 3.728085095052854], "fitness": -215514668715.8841, "contributor_spops": [1.0, 0.0]}, {"genotype": [5.1308608457674545, -55.43183254035542, -10.137567695160559, -59.996041451448875, 43.18154196505054, 4.821278654811054, 35.86900611479929, 14.509653124845102, 48.57206144229738, 41.835086883829405, 5.906982884848719, 42.862725055814096, -19.12584273995288, 15.882133141065026, -13.621842341707124, 2.5804735511468118, -9.086663420449797, 11.117198824289872, -34.977166890495766, -16.197037576699856, -3.3595006706997026, -6.590874474669567, -33.90152872374382, -23.3271772234557, 28.983314907944216, 19.59593404525092, -58.37288567006472, -16.519976970460533, 21.678157969762125, 6.466034803085321], "fitness": -224401802009.5591, "contributor_spops": [1.0, 0.0]}, {"genotype": [2.981692852194126, -59.00163349508561, -22.882130810396525, -59.41314679124052, 26.226522893713543, 8.015695277326405, 16.850696405366833, 12.39269002454629, 33.70436537349281, 28.983757391142365, 10.797510815489929, 24.928818491944575, -23.372646393701224, 13.802051533521313, -11.355886007550057, -0.848226048581612, -16.487115954118533, 22.270273846445026, -17.91739780462978, -20.092532479644017, -35.93396722163638, -1.948754888467203, -33.92510909914536, -22.196581187303835, 26.985995069406044, 28.888650918098364, -54.863895759699105, -5.7196727057022585, 16.319604549970467, -6.2715307029159835], "fitness": -273601680540.95352, "contributor_spops": [1.0, 0.0]}, {"genotype": [-4.022920354611521, -65.75644167874174, -12.640413427446108, -66.69393636935587, 22.748562576681838, 14.907749487388731, 20.727993063000824, 2.27253212569424, 22.984051355397888, 14.831816538616554, 8.344979282679272, 20.74525291987275, -15.259321479882354, 7.847724670307773, -2.4047322316835986, 6.022399168915213, -25.81518687471137, 39.74510107824463, -28.41865323257369, -18.031508620227335, -31.579904588742753, 0.8618338886148269, -35.293346169576814, -9.34983824880958, 31.786653771352313, 29.351759475297776, -52.676827129255074, -15.448404203054361, 16.341942184728943, -14.176348805207024], "fitness": -300914119551.55304, "contributor_spops": [1.0, 0.0]}, {"genotype": [-46.44148160045837, -41.25216070495411, -10.41717816841312, -46.501499517590446, -10.919003244970071, 20.11272707029576, 34.31509055345826, 7.5748707545980345, 32.3934696551799, 12.32606763384084, 30.9566190544451, 17.39993589832096, -12.349284306067993, 16.428691141047523, -27.690755564197197, -41.28217810095652, 6.088215729475602, 35.489130118910154, 15.717637702005348, 12.3013891712033, -10.9502820388893, -6.798002010002492, -23.872338020793748, -40.604833905654814, 3.817621887667636, 30.34329186822543, -17.556545842292437, -22.307909715613206, 33.01502956463276, -38.20911397499131], "fitness": -317838256501.09906, "contributor_spops": [1.0, 0.0]}, {"genotype": [-45.46901253681037, -43.03385180365148, -14.782008155724952, -45.17425485717026, -7.653641599987903, 24.53908918468357, 37.30249945567706, 8.935015291859578, 28.808318130360412, 15.476718019922021, 38.75814214736995, 14.76126668750915, -6.646033379640521, 16.648104388634504, -30.811750576636896, -47.887335201551984, 7.353354408827094, 33.54542698886221, 20.854949511386245, 11.21189537255127, -10.758433894491024, -4.975334753098693, -22.992235173411437, -46.26941534918798, 5.16140726076816, 31.881376275866657, -19.585049658457557, -23.803966441105565, 29.55351722619539, -39.94164079410384], "fitness": -325009382459.20654, "contributor_spops": [1.0, 0.0]}, {"genotype": [-13.88759920884661, -55.14535308870412, -46.7303051988668, -64.65067173735792, 37.143401449763545, -17.301983148451846, -10.910203984549554, 5.584439304080242, 30.282764762321577, 64.80984777122802, -3.3228566429404975, 25.52471339495871, -16.043933533850897, 6.0620050800062515, -11.522648319013753, 5.348415358299479, -12.634018989638735, 23.11274885248225, -29.446205497112487, -7.074961652247303, -55.682030128214464, 19.656483406479545, -80.10333697738794, 9.631592123544085, 33.40148329513961, 35.719485348094125, -36.450805543752146, 9.102418824903884, 7.4088590145655004, -21.553915532779037], "fitness": -457651880048.6363, "contributor_spops": [1.0, 0.0]}, {"genotype": [-85.20182973312693, -81.3481112588316, -64.97673976312487, -61.61116461412888, 19.640479139428322, 20.633971733822627, 9.325339305781974, 27.27086817252316, -7.508141251306668, -12.123433124227063, -19.279452073878815, 17.162216659410312, -18.925371188227885, 6.431524576378145, 30.20317911727323, -25.184049604929545, 4.751915851249777, 16.765820622587885, -87.71558001633502, -3.657559381881189, -9.574694925305387, -40.48549889539579, -30.499551954013008, 9.5720996252896, -21.939032689754555, 36.40806054405569, -91.02965601933907, -18.19362849981876, 43.695297043017014, 35.312469692009586], "fitness": -597905733375.8323, "contributor_spops": [1.0, 0.0]}]}