{"number_of_generations": 499, "hof": [{"genotype": [-19.53561038325544, -3.0820668446345665, 55.45697269520192, 60.89008639811741, 50.05304318712692, 14.055769024403894, -92.3312601670826, 76.66977814193893, -26.585429355716222, -12.408312422845368, 28.018372071760194, 61.30787492205683, 23.77594895411245, -80.33876700158301, 71.42117277251911, 6.533421339482425, -70.64816111054678, 24.276785476739935, -50.038779077040466, 6.055108542646047, 65.99753376827216, -74.87836773331207, -26.946141799466155, 43.033291519851495, 14.616209050953156, -7.327858833130525, -25.49585926504754, 10.615735385764937, -24.125727271110257, 39.458683380248885], "fitness": -2426.7296245525094, "contributor_spops": [0.020438637728754098, 0.020438637728754098, 0.020438637728754098, 0.020560569213122097, 0.020762068354494536, 0.020527710150775785, 0.027793773693475406, 0.022781563308723503, 0.021717699738356702, 0.02276293233949523, 0.02590105315360578, 0.02219302573984648, 0.02219302573984648, 0.02219302573984648, 0.02219302573984648, 0.02219302573984648, 0.022417673879501204, 0.02220624033629676, 0.02220624033629676, 0.02220624033629676, 0.03880852381246514, 0.022996825263733353, 0.022996825263733353, 0.022996825263733353, 0.022996825263733353, 0.022996825263733353, 0.022996825263733353, 0.022996825263733353, 0.03503549693160067, 0.024353837854569602, 0.0335692778234972, 0.023769990967554885, 0.023769990967554885, 0.023769990967554885, 0.023769990967554885, 0.02519317327843632, 0.023809523809523808, 0.023809523809523808, 0.023809523809523808, 0.023809523809523808, 0.023809523809523808, 0.023809523809523808, 0.0, 0.0, 0.0, 0.0, 0.0, 0.0, 0.0, 0.0, 0.0]}, {"genotype": [-20.093502876325257, -4.310821005684989, 55.924369665805415, 61.12532813818842, 49.67557480014335, 13.691147765985177, -91.70254394562781, 76.46291448120418, -26.759025019509217, -12.261470870325239, 27.272561244905855, 61.43151984858902, 24.33071352526521, -80.33332502491417, 71.88698579833115, 6.308055265152744, -70.24219531926435, 24.19918753874569, -50.11789916356942, 5.925617101669954, 65.60361815432115, -74.79996966202656, -27.596571581424662, 43.83194450554862, 15.078683925128997, -7.269610296192513, -25.249303841553914, 10.174623167424734, -24.05995038806061, 40.03281561920676], "fitness": -2429.7610015441614, "contributor_spops": [0.020438637728754098, 0.020438637728754098, 0.020438637728754098, 0.020560569213122097, 0.020762068354494536, 0.020527710150775785, 0.027793773693475406, 0.022781563308723503, 0.021717699738356702, 0.02276293233949523, 0.02590105315360578, 0.02219302573984648, 0.02219302573984648, 0.02219302573984648, 0.02219302573984648, 0.02219302573984648, 0.022417673879501204, 0.02220624033629676, 0.02220624033629676, 0.02220624033629676, 0.03880852381246514, 0.022996825263733353, 0.022996825263733353, 0.022996825263733353, 0.022996825263733353, 0.022996825263733353, 0.022996825263733353, 0.022996825263733353, 0.03503549693160067, 0.024353837854569602, 0.0335692778234972, 0.023769990967554885, 0.023769990967554885, 0.023769990967554885, 0.023769990967554885, 0.02519317327843632, 0.023809523809523808, 0.023809523809523808, 0.023809523809523808, 0.023809523809523808, 0.023809523809523808, 0.023809523809523808, 0.0, 0.0, 0.0, 0.0, 0.0, 0.0, 0.0, 0.0, 0.0]}, {"genotype": [-13.487036502092167, -6.243123386299352, 45.837500169697044, 53.34023861827029, 60.55899515764055, 14.674170240072652, -57.12691253327723, 75.15766453739953, -37.423275401357714, -11.222326747838283, 35.07722807129866, 70.13862629072526, 22.88694355031625, -78.19687364989461, 69.48433417892888, -0.07579610175481122, -80.18443707846106, 42.920660422963074, -27.114656821006573, 4.500522235622111, 70.26883407758594, -73.86242483573251, -28.92049478930893, 16.671960158563337, 15.164309222607175, -0.8970536070719757, -12.869560869470721, 6.55240842116235, -17.218848463106603, 49.64864369154174], "fitness": -2435.6833424502825, "contributor_spops": [0.020937141087992002, 0.020937141087992002, 0.020937141087992002, 0.021062046511003126, 0.02126846026557977, 0.02102838600811178, 0.028471670612828466, 0.023337211194302123, 0.02224739973197516, 0.023318125811190235, 0.026532786157352262, 0.022734319050574443, 0.022734319050574443, 0.022734319050574443, 0.022734319050574443, 0.022734319050574443, 0.022964446413147575, 0.022747855954255217, 0.022747855954255217, 0.022747855954255217, 0.03975507317374478, 0.02355772344089758, 0.02355772344089758, 0.02355772344089758, 0.02355772344089758, 0.02355772344089758, 0.02355772344089758, 0.02355772344089758, 0.03589002124700557, 0.02494783389980301, 0.03438804069724104, 0.024349746844812323, 0.024349746844812323, 0.024349746844812323, 0.024349746844812323, 0.02580764091937379, 0.024390243902439025, 0.024390243902439025, 0.024390243902439025, 0.024390243902439025, 0.024390243902439025, 0.0, 0.0, 0.0, 0.0, 0.0, 0.0, 0.0, 0.0, 0.0, 0.0]}, {"genotype": [-14.180607809776, -5.575647686616346, 45.82841131110098, 52.68695080082737, 59.00729112886368, 14.98125067757929, -57.0458328202189, 74.17234992014225, -37.86420991511919, -10.290816796071706, 34.76626651533972, 69.6081628987827, 21.95844397744225, -79.29326518587014, 68.72962168856175, -0.2715688032182707, -78.75938170070057, 43.05280138269336, -26.611331877445146, 4.985645790766402, 69.28168876621585, -73.94686219711453, -29.76752781602882, 17.44770187327193, 17.652978003868277, -1.5171760880211955, -13.361864704842121, 6.2711292766289874, -17.497025979477165, 48.11797699188243], "fitness": -2436.5569650090474, "contributor_spops": [0.020937141087992002, 0.020937141087992002, 0.020937141087992002, 0.021062046511003126, 0.02126846026557977, 0.02102838600811178, 0.028471670612828466, 0.023337211194302123, 0.02224739973197516, 0.023318125811190235, 0.026532786157352262, 0.022734319050574443, 0.022734319050574443, 0.022734319050574443, 0.022734319050574443, 0.022734319050574443, 0.022964446413147575, 0.022747855954255217, 0.022747855954255217, 0.022747855954255217, 0.03975507317374478, 0.02355772344089758, 0.02355772344089758, 0.02355772344089758, 0.02355772344089758, 0.02355772344089758, 0.02355772344089758, 0.02355772344089758, 0.03589002124700557, 0.02494783389980301, 0.03438804069724104, 0.024349746844812323, 0.024349746844812323, 0.024349746844812323, 0.024349746844812323, 0.02580764091937379, 0.024390243902439025, 0.024390243902439025, 0.024390243902439025, 0.024390243902439025, 0.024390243902439025, 0.0, 0.0, 0.0, 0.0, 0.0, 0.0, 0.0, 0.0, 0.0, 0.0]}, {"genotype": [-13.01015945598566, -6.702057942106849, 45.84374937290334, 53.78941804825554, 61.62589631903058, 14.463031730833723, -57.18266030374302, 75.8351347830075, -37.120103188033056, -11.862802657519016, 35.29103511120289, 70.50335564532035, 23.525349621498695, -77.44303053202083, 70.00324991128214, 0.05881083274188459, -81.16425875152599, 42.8298046020147, -27.46072666221562, 4.166967076389147, 70.9475630488522, -73.80436845561587, -28.338102462432328, 16.138585416336447, 13.453181608189949, -0.4706775824828675, -12.53106878336811, 6.74580680153131, -17.02758266126275, 50.701080270478016], "fitness": -2444.6048055484844,