{"number_of_generations": 9, "hof": [{"genotype": [2.01733830604132, -42.145224546378074, -17.830893269734172, -70.36597031480008, 39.181421056953006, 42.088224110356634, 4.293016787230071, 17.1903906078453, 82.9742630301003, 50.115740266072436, 14.68067561696118, 18.86868746877902, -17.056085734982222, 16.456244774053623, -64.13218060233137, -46.392422402086176, 19.984465664307805, 37.21182886203302, -29.572560201916982, -14.076728192500925, 6.956953406114409, 3.6574654687681516, -29.20902173426363, -13.72067934884343, 18.057834616096155, -15.53715237722584, -64.13144720302415, -44.350345454576676, -19.182863009701137, -40.74083032839436], "fitness": -111788254845.1488, "contributor_spops": [1.0, 0.0]}, {"genotype": [-5.4912577929276205, -44.548219425260015, -25.664644207251982, -57.96669397410331, 34.01950795759908, 33.85657000964195, -4.349492736186175, 26.098336616214322, 78.01830544964638, 54.84506812696817, 10.400878443924025, 19.52436754587591, -11.4515262254293, 17.934487521795802, -63.50570634586279, -38.356433266692484, 15.409699374012103, 32.57490270132452, -28.828205389051437, -9.95460406022279, 14.65911245601701, 11.71509589031273, -29.95159861495256, -6.590630009608786, 20.279951364154932, -17.610675375217127, -59.255433789149926, -50.40308293702739, -13.331004749809763, -47.229835291476626], "fitness": -124402746614.8757, "contributor_spops": [1.0, 0.0]}, {"genotype": [0.4252902061213435, -39.77593543954861, -24.7556341327206, -77.3610466688274, 55.62414852659835, 34.260093263550715, 11.360194467134258, 12.473663768497566, 76.37879511258313, 41.238458935092595, 14.578296054246469, 18.331478387763077, -31.446893822592937, 14.834311121052448, -51.403847454143126, -57.62853017595484, 10.876126397637426, 40.77973569027016, -26.189768168960512, -3.698368282345567, 12.578682404805177, 1.4344926938557334, -33.75734902273865, -16.58264693240086, 13.347191693699429, -15.233191487329151, -63.66153774071475, -42.09071204102867, -19.952480161709936, -36.697947649805265], "fitness": -134024306642.23868, "contributor_spops": [1.0, 0.0]}, {"genotype": [-19.361271601852966, -25.93747661011451, -20.600823179890384, -54.400630168713576, 20.2765700847293, 23.521260729814962, -6.715253643025648, 18.607773839588752, 78.79402713539938, 45.463031276557516, 8.048602537544637, 18.500719152633266, -11.760318015447625, 15.012883503858063, -67.47984206073244, -50.0777677562812, 15.360397658977071, 33.24978090661449, -31.808150752172832, 2.947981788576776, 26.203880977184838, 8.359594126964874, -35.63130070375629, -4.6898447955069384, 34.07888242607962, -5.824182440262048, -56.04828653109238, -41.7154600422068, -13.796570468498677, -32.27929858162594], "fitness": -137703071366.0422, "contributor_spops": [1.0, 0.0]}, {"genotype": [1.582167410272413, -36.7620341538286, -34.70445343907895, -61.75856062271221, 37.66571183554718, 34.261957882862795, -0.8292235388377813, 10.297511111137416, 68.69876030435287, 43.412270769191, 13.073039407617404, 15.797024190032374, -20.90604721694956, 14.940244762993029, -58.55126260608559, -50.9688911610311, 8.079429451984875, 25.811402887852896, -38.98426127072926, -10.094738259061579, 19.19834847939361, 6.558429046602116, -30.54545321195503, 5.241745262110981, 16.17885837380026, -21.78755757682103, -54.24385808239446, -41.82689844319154, -16.28396257914274, -40.3481829003907], "fitness": -163408297281.42035, "contributor_spops": [1.0, 0.0]}, {"genotype": [4.601545594946061, -43.47609934783863, -23.45122408849204, -60.41085969453258, 44.53137551854581, 34.52454917801873, -4.633694953243366, 6.110496861448156, 69.86393060713722, 61.72321862078921, 18.284199608291686, 1.6791895667043795, -21.079051114890433, 19.856797424250328, -58.34986429779639, -41.79657803165583, 10.202042606323495, 24.967484405484306, -23.896083091104533, -5.215030128083731, 21.45250346293525, 3.356333406903703, -31.879827330614496, 12.029875941519501, 26.66163634627707, -23.579256058256743, -54.04456702688884, -47.511730389519556, -13.409808297508288, -45.711430856147445], "fitness": -177746299532.63318, "contributor_spops": [1.0, 0.0]}, {"genotype": [9.293287951303242, -36.65444561627676, -10.67970120107287, -71.36971550733222, 51.6241423634351, 51.80513045121841, -9.377422372652806, 7.866496971993186, 68.03477272979113, 52.11960510978351, 41.31412374619018, 7.951366369793377, -61.35099262462445, 1.8483353834295357, -71.57788980472439, -49.06042627199856, 7.940137071251144, 10.650694233865007, -4.67342590553131, -15.115372935461908, 12.112597834773547, -8.897042714215042, -41.69879727221998, 2.7976821212087906, 47.43007999567621, -43.570354908347184, -69.29128236723375, -60.01129892306355, -20.927600613465447, -63.40742535498646], "fitness": -244926442787.22244, "contributor_spops": [1.0, 0.0]}, {"genotype": [5.377797600553372, -45.02830593133935, -7.390266022304351, -48.966179641336865, 50.27661122584215, 32.32517533144154, 18.54150114008512, 0.7626172353481202, 35.85903206353725, 53.255401736822165, 7.079805217655391, -15.944582418657212, 12.168203336995951, -37.50031272487306, -48.25083552480946, -25.46541136848652, 25.72456333831274, 64.6651508853669, -18.119592882613205, 6.070106792538983, 3.7937271804343973, 5.931831896319854, -23.25353923273872, 12.849382502946517, 34.882130633220285, 10.629480451555018, -27.298863231864836, -70.26891140061915, -67.66229571435333, -18.09590629763054], "fitness": -354570878648.72974, "contributor_spops": [1.0, 0.0]}, {"genotype": [3.482943482461465, -54.31096007915818, -6.440002532671436, -30.47685202214794, 40.22241082570735, 26.459382175559362, 23.414385758849825, 6.991249953158238, 13.739096780092115, 46.43064731998696, -10.269495132233946, -23.943966950807905, 46.29565161297138, -39.6691932206709, -40.15304755404544, -13.450060927798098, 26.786232178360372, 84.71450553877916, -33.52206167703902, 19.74064467691054, 0.13339364508179585, 9.352658815219556, -12.067691670706886, 14.028461725256378, 20.171284701096283, 41.45434276923619, -2.3512615997464943, -60.33486519538397, -76.00643338124641, 9.074057758214728], "fitness": -596390564538.9812, "contributor_spops": [1.0, 0.0]}]}