{"number_of_generations": 499, "hof": [{"genotype": [-57.30657923120581, 10.08175517157068, 23.01039071266146, 35.353007045196975, 30.59063962937754, -38.54115077077725, -73.47862905257783, 27.88448305207128, 10.855909564470089, 74.9889990699078, -58.27319344398671, -7.287617838718384, -1.1123572110151358, 76.04069180834007, 42.87218573447537, 11.990083170019991, -22.599682156650264, 59.54713114664736, -54.12352596472014, -18.94792701907098, -28.039315369475005, 63.448849746271065, 74.47880560571816, 28.532708820549036, -7.577380667328762, 28.61439357406496, -38.91466943671306, -45.07132603447603, 19.494352832365514, 4.9976076854357405], "fitness": -2381.5774934618435, "contributor_spops": [0.03947705533737985, 0.03947705533737985, 0.03947705533737985, 0.03947705533737985, 0.039599250760014235, 0.039501494421906716, 0.039929924948708326, 0.03956269878287839, 0.03956269878287839, 0.03956269878287839, 0.04001240659268388, 0.03960358131104252, 0.03960358131104252, 0.03960358131104252, 0.03960358131104252, 0.03960358131104252, 0.03960358131104252, 0.03960358131104252, 0.04713553640123465, 0.04, 0.04, 0.04, 0.04, 0.04, 0.04, 0.0, 0.0, 0.0, 0.0, 0.0, 0.0, 0.0, 0.0, 0.0, 0.0, 0.0, 0.0, 0.0, 0.0, 0.0, 0.0, 0.0, 0.0, 0.0, 0.0, 0.0, 0.0, 0.0, 0.0, 0.0, 0.0]}, {"genotype": [-53.60586357625029, 13.30068943185008, 25.815030330948243, 32.47101712055248, 38.218494899287336, -33.441900549641296, -71.30832892265119, 32.318283314683754, 11.525734275313592, 80.70349247712245, -52.076595381473865, -1.0480008537753587, -1.742460462191593, 71.9921502973658, 47.6402930220842, 15.817346704225582, -20.86441434266265, 60.76671313088779, -57.6325655440891, -13.999050128598912, -29.787558758947736, 65.52325274096422, 78.7168827146086, 27.345718422937, -6.771575542312588, 22.511200075066224, -35.040482714737905, -47.71824618818275, 20.373293892098527, 5.056017879103622], "fitness": -2386.8824855045605, "contributor_spops": [0.04717523458828483, 0.04717523458828483, 0.04717523458828483, 0.04717523458828483, 0.04741734195483635, 0.047223656061595135, 0.04807255433615269, 0.047344927243674784, 0.047344927243674784, 0.047344927243674784, 0.04820727065437841, 0.047423322099193296, 0.047423322099193296, 0.047423322099193296, 0.047423322099193296, 0.047423322099193296, 0.047423322099193296, 0.047423322099193296, 0.05114210697642543, 0.047619047619047616, 0.047619047619047616, 0.0, 0.0, 0.0, 0.0, 0.0, 0.0, 0.0, 0.0, 0.0, 0.0, 0.0, 0.0, 0.0, 0.0, 0.0, 0.0, 0.0, 0.0, 0.0, 0.0, 0.0, 0.0, 0.0, 0.0, 0.0, 0.0, 0.0, 0.0, 0.0, 0.0]}, {"genotype": [-53.59962431179814, 13.329030112246517, 25.815336707685457, 32.38855223627337, 38.190113476143566, -33.393376443791176, -71.25728955110195, 32.3485698762726, 11.53760184297654, 80.69070430605318, -52.088282215428734, -1.0853857755553502, -1.7378931546283098, 71.97317158944665, 47.633766679459086, 15.81334300775367, -20.84805829079502, 60.801496797496945, -57.68464235577091, -13.939156464827338, -29.700427779756026, 65.54321003564003, 78.72379453398412, 27.337913664544423, -6.765030065686815, 22.550980881209327, -35.02950336578244, -47.711929792195086, 20.404212495327858, 5.08197441672451], "fitness": -2387.0722967499523, "contributor_spops": [0.04734310525356053, 0.04734310525356053, 0.04734310525356053, 0.04734310525356053, 0.0476052253762704, 0.047395529278102505, 0.04831459797289547, 0.047526824805930075, 0.047526824805930075, 0.047526824805930075, 0.04846050742315543, 0.04761170504385965, 0.04761170504385965, 0.04761170504385965, 0.04761170504385965, 0.04761170504385965, 0.04761170504385965, 0.04761170504385965, 0.047751213972431074, 0.047619047619047616, 0.047619047619047616, 0.0, 0.0, 0.0, 0.0, 0.0, 0.0, 0.0, 0.0, 0.0, 0.0, 0.0, 0.0, 0.0, 0.0, 0.0, 0.0, 0.0, 0.0, 0.0, 0.0, 0.0, 0.0, 0.0, 0.0, 0.0, 0.0, 0.0, 0.0, 0.0, 0.0]}, {"genotype": [-53.41567548785915, 13.60881674881922, 25.675940492236762, 31.83098682353235, 37.91516841306339, -33.70793269797926, -71.60280005535046, 32.03156264648464, 12.14410436420864, 80.52537412297849, -52.14826689792571, -1.5581415248983383, -2.022538997657422, 72.04072227837204, 47.21775541518642, 15.617810064261178, -20.80903288241986, 60.16415757832597, -57.61731057984295, -13.805657935066717, -29.1586010042106, 65.08963495588857, 79.46298601984766, 27.671348255152644, -5.926686080259914, 23.021821623916445, -34.66388017149704, -48.22190169053117, 20.243915403085676, 4.696438159029266], "fitness": -2390.1733837334714, "contributor_spops": [0.04733778167207704, 0.04733778167207704, 0.04733778167207704, 0.04733778167207704, 0.04759793104657098, 0.04738981154697583, 0.04830197021334896, 0.04752011992788628, 0.04752011992788628, 0.04752011992788628, 0.048446787876525656, 0.04760436246867168, 0.04760436246867168, 0.04760436246867168, 0.04760436246867168, 0.04760436246867168, 0.04760436246867168, 0.04760436246867168, 0.04788338032581453, 0.047619047619047616, 0.047619047619047616, 0.0, 0.0, 0.0, 0.0, 0.0, 0.0, 0.0, 0.0, 0.0, 0.0, 0.0, 0.0, 0.0, 0.0, 0.0, 0.0, 0.0, 0.0, 0.0, 0.0, 0.0, 0.0, 0.0, 0.0, 0.0, 0.0, 0.0, 0.0, 0.0, 0.0]}, {"genotype": [-56.88397193144979, 9.11391584198746, 24.981756228346878, 29.101932025505445, 33.057494591876555, -37.161516804260486, -72.49819776265574, 33.20265511636158, 11.068082913100467, 84.98741683878056, -53.87118898035824, -9.534101413482599, 2.060032737055951, 73.87341862524568, 47.11132796960241, 11.151066416998596, -18.73378043923906, 55.73546059037532, -50.02803663570896, -15.530323807556371, -26.837865260821772, 67.38966425944557, 80.68073691329528, 25.571903890586057, -8.080136896087348, 24.32887046788887, -39.122291040815135, -46.55037327200241, 14.423846688012368, 5.482973414940437], "fitness": -2397.694095088286, "contributor_spops": [0.0617127448899905, 0.0617127448899905, 0.0617127448899905, 0.0617127448899905, 0.06251406832496668, 0.061873009576985716, 0.06468320637845647, 0.06227446626291011, 0.06227446626291011, 0.06227446626291011, 0.0647553373708988, 0.0625, 0.0625, 0.0625, 0.0625, 0.0625, 0.0, 0.0, 0.0, 0.0, 0.0, 0.0, 0.0, 0.0, 0.0, 0.0, 0.0, 0.0, 0.0, 0.0, 0.0, 0.0, 0.0, 0.0, 0.0, 0.0, 0.0, 0.0, 0.0, 0.0, 0.0, 0.0, 0.0, 0.0, 0.0, 0.0, 0.0, 0.0, 0.0, 0.0, 0.0]}, {"genotype": [-52.80688635270223, 9.637291664969254, 24.212556465330376, 28.54988124705962, 27.455780924863276, -38.20327333839478, -71.00924396126968, 33.984085550948315, 18.659293137951778, 77.61094471016344, -57.13507366605852, -5.050847926857775, 1.2878977915450371, 72.41557569987029, 47.94804967832356, 14.087802765644552, -17.511380974976998, 54.80373033873841, -52.354027176183315, -18.36122978423653, -32.53170183299738, 70.19482308477019, 80.66809167447725, 25.83669318471269, -2.656547051922303, 21.942425799018736, -41.66776074904983, -47.64796887648587, 16.65199147750576, 4.4564553179420585], "fitness": -2399.718087146543, "contributor_spops": [0.06574420130091738, 0.06574420130091738, 0.06574420130091738, 0.06574420130091738, 0.06674977602600243, 0.06594531624593437, 0.06947264743110333, 0.0664492207009585, 0.0664492207009585, 0.0664492207009585, 0.06884112632374814, 0.06666666666666667, 0.06666666666666667, 0.06666666666666667, 0.06666666666666667, 0.0, 0.0, 0.0, 0.0, 0.0, 0.0, 0.0, 0.0, 0.0, 0.0, 0.0, 0.0, 0.0, 0.0, 0.0, 0.0, 0.0, 0.0, 0.0, 0.0, 0.0, 0.0, 0.0, 0.0, 0.0, 0.0, 0.0, 0.0, 0.0, 0.0, 0.0, 0.0, 0.0, 0.0, 0.0, 0.0]}, {"genotype": [-53.10745254966492, 9.28813312338544, 23.649890838486375, 30.796098596676696, 28.80947284124392, -37.434151251164764, -72.43826658531914, 33.88427903337865, 16.626511867365622, 78.4388771575784, -58.78810911994851, -4.1450942912218585, 3.5310031649036406, 70.79962926516902, 47.11744546316365, 15.969347910595953, -18.79521775684376, 54.78687749938901, -51.07924248912031, -18.600245826696277, -30.668701890698003, 68.77733371172285, 80.4678000438302, 29.392167000757663, -2.1240729248949783, 18.811435401983132, -42.37327084801159, -49.59371638090777, 15.48042625846265, 4.6708065584469995], "fitness": -2400.43899553192,