{"number_of_generations": 499, "hof": [{"genotype": [-3.142479639599724, -17.707365143470607, -9.39440783121716, 38.757198623126634, 44.1520352486109, 7.019580886194972, -46.781662781280374, 68.32109994659419, -45.940595843591446, -19.816597704057195, 27.558911528220314, 74.44345955777247, 16.936574755101347, -68.25532359266866, 79.25576466730342, 21.761774067533132, -55.911472016745826, 50.8681311330864, -39.63103578101211, 14.472364206366333, 63.81094271419453, -72.2946881791945, -13.98497991392027, 14.041884614785788, 8.76137923706102, -60.2275913600458, -33.27780644871932, 13.418771979997558, -32.85199861822546, 21.5709050188138], "fitness": -2441.5976779908515, "contributor_spops": [0.09063192560419252, 0.09063192560419252, 0.09063192560419252, 0.09063192560419252, 0.10011503715450609, 0.11496358421586808, 0.11790759222848075, 0.104486083984375, 0.1, 0.1, 0.0, 0.0, 0.0, 0.0, 0.0, 0.0, 0.0, 0.0, 0.0, 0.0, 0.0, 0.0, 0.0, 0.0, 0.0, 0.0, 0.0, 0.0, 0.0, 0.0, 0.0, 0.0, 0.0, 0.0, 0.0, 0.0, 0.0, 0.0, 0.0, 0.0, 0.0, 0.0, 0.0, 0.0, 0.0, 0.0, 0.0, 0.0, 0.0, 0.0, 0.0]}, {"genotype": [25.679986765086714, -36.08477856955279, 34.86101776858791, 33.747285866450476, 57.02389836940073, 19.23368433279421, -41.656539657622936, 73.02473510825484, -43.35610269340779, 13.77543123856056, 29.948627297487025, 75.45647857562365, 7.547089850470946, -67.61158255664753, 78.36302369925438, 4.683521189890507, -58.835924328020965, 52.23180282869266, -52.8188904709442, 20.46697639583566, 64.64609017009823, -70.23367118735851, -29.23815355828567, 48.517600058008746, 6.399806172203346, -28.615420204106794, -4.184485981567552, 11.883844209549919, -11.843883607773698, 14.585371572498158], "fitness": -2446.6669523815426, "contributor_spops": [0.125, 0.125, 0.125, 0.125, 0.125, 0.125, 0.125, 0.125, 0.0, 0.0, 0.0, 0.0, 0.0, 0.0, 0.0, 0.0, 0.0, 0.0, 0.0, 0.0, 0.0, 0.0, 0.0, 0.0, 0.0, 0.0, 0.0, 0.0, 0.0, 0.0, 0.0, 0.0, 0.0, 0.0, 0.0, 0.0, 0.0, 0.0, 0.0, 0.0, 0.0, 0.0, 0.0, 0.0, 0.0, 0.0, 0.0, 0.0, 0.0, 0.0, 0.0]}, {"genotype": [25.67961610019836, -36.08448925546583, 34.860992524113996, 33.74780319178037, 57.02321060759278, 19.23395732156131, -41.65646776365714, 73.02441524261486, -43.35659357864054, 13.774951129859119, 29.94854832525475, 75.45848799495379, 7.54736786296234, -67.6119914654237, 78.36401204825616, 4.683233051880853, -58.835576822780496, 52.23155666337595, -52.81866876253602, 20.466989111966733, 64.64616290482428, -70.23272841997552, -29.23831022397229, 48.51776179931164, 6.400488631977616, -28.616189567671714, -4.183308371070405, 11.884128349502804, -11.844219951030874, 14.585668702828743], "fitness": -2446.67204389467, "contributor_spops": [0.125, 0.125, 0.125, 0.125, 0.125, 0.125, 0.125, 0.125, 0.0, 0.0, 0.0, 0.0, 0.0, 0.0, 0.0, 0.0, 0.0, 0.0, 0.0, 0.0, 0.0, 0.0, 0.0, 0.0, 0.0, 0.0, 0.0, 0.0, 0.0, 0.0, 0.0, 0.0, 0.0, 0.0, 0.0, 0.0, 0.0, 0.0, 0.0, 0.0, 0.0, 0.0, 0.0, 0.0, 0.0, 0.0, 0.0, 0.0, 0.0, 0.0, 0.0]}, {"genotype": [26.43636065932711, -35.15801794848572, 34.8867888945004, 32.241060287083705, 57.76386689981863, 18.25170843434383, -40.61089779835494, 73.47097633827617, -41.33715226534225, 14.681318076480737, 28.52422353953795, 73.116417862368, 7.263625305584949, -67.38546535525835, 75.04171162840966, 5.769387613756281, -58.28898818597716, 53.89146581958181, -53.525908502680984, 18.35481638150668, 64.52595439078588, -72.59016349573156, -29.35303594025439, 47.075858582666314, 5.755084195459828, -27.921824022246202, -6.847558041187747, 12.859930644720556, -11.622264869023251, 14.651190256536978], "fitness": -2471.375152090953, "contributor_spops": [0.125, 0.125, 0.125, 0.125, 0.125, 0.125, 0.125, 0.125, 0.0, 0.0, 0.0, 0.0, 0.0, 0.0, 0.0, 0.0, 0.0, 0.0, 0.0, 0.0, 0.0, 0.0, 0.0, 0.0, 0.0, 0.0, 0.0, 0.0, 0.0, 0.0, 0.0, 0.0, 0.0, 0.0, 0.0, 0.0, 0.0, 0.0, 0.0, 0.0, 0.0, 0.0, 0.0, 0.0, 0.0, 0.0, 0.0, 0.0, 0.0, 0.0, 0.0]}, {"genotype": [26.688199190280898, -28.47550750996701, 35.82504940048826, 32.597250191810346, 53.869766396405, 8.238632396168766, -37.55968935695094, 70.56183599332647, -41.94408467849547, 15.530582118349729, 30.078848447289968, 76.4688336798661, 9.581872148632616, -65.1937297735895, 80.79644851475217, 10.055885335535073, -48.16293023790063, 48.93500407020437, -52.99763798723958, 18.241962249912177, 64.91936413418624, -68.98768669182944, -27.227750396846204, 44.236260362963435, 9.961535081508433, -29.036209158767505, -8.653366425912253, 10.982448184735414, -9.272217608691824, 18.289803244179804], "fitness": -2475.0146912349433, "contributor_spops": [0.14285714285714285, 0.14285714285714285, 0.14285714285714285, 0.14285714285714285, 0.14285714285714285, 0.14285714285714285, 0.14285714285714285, 0.0, 0.0, 0.0, 0.0, 0.0, 0.0, 0.0, 0.0, 0.0, 0.0, 0.0, 0.0, 0.0, 0.0, 0.0, 0.0, 0.0, 0.0, 0.0, 0.0, 0.0, 0.0, 0.0, 0.0, 0.0, 0.0, 0.0, 0.0, 0.0, 0.0, 0.0, 0.0, 0.0, 0.0, 0.0, 0.0, 0.0, 0.0, 0.0, 0.0, 0.0, 0.0, 0.0, 0.0]}, {"genotype": [8.064676804726806, -37.87636206609213, 31.01252966566571, 66.12865389548644, 26.753489653811535, 1.5206249768066937, 2.400511917215662, 65.34307306150505, -28.600999881979256, -5.588556530770117, 14.724976084069482, 65.76999287438717, 10.920762570295508, -66.44288849442142, 80.38113746407538, 18.928085681492313, -59.263998015694625, 52.38800468412952, -57.92908292691118, 13.809729656694143, 70.62878447626017, -68.8596810983304, 17.202240686962263, 32.68739161761061, -12.956601538337864, -48.759413812296465, -25.046021407597134, 15.313546670039669, 0.6277460291829284, 13.867312169289997], "fitness": -2495.9389432640723, "contributor_spops": [0.25, 0.25, 0.25, 0.25, 0.0, 0.0, 0.0, 0.0, 0.0, 0.0, 0.0, 0.0, 0.0, 0.0, 0.0, 0.0, 0.0, 0.0, 0.0, 0.0, 0.0, 0.0, 0.0, 0.0, 0.0, 0.0, 0.0, 0.0, 0.0, 0.0, 0.0, 0.0, 0.0, 0.0, 0.0, 0.0, 0.0, 0.0, 0.0, 0.0, 0.0, 0.0, 0.0, 0.0, 0.0, 0.0, 0.0, 0.0, 0.0, 0.0, 0.0]}, {"genotype": [47.249711176613715, -30.847618019543578, -2.150985150492463, -4.734730057778743, 30.765959846802723, -4.090725630098837, -3.4913807069604834, 58.4338302426587, -59.58267509953724, -3.0969020756001595, 34.374141609678034, 82.67669790020467, 12.809787571374416, -95.90734213909721, 61.06956508805938, 43.713669174412566, -21.929731056019317, 90.6454788159557, -28.074651092478426, -26.226588287360492, 70.6497576087551, -72.9873277213403, 4.834345969328145, 1.927913285989919, -2.6395645722537564, -30.206729137383455, -33.7600199692912, 31.986681704150687, -14.605466551229842, 20.298814336861284], "fitness": -2506.396835290505, "contributor_spops": [0.25, 0.25, 0.25, 0.25, 0.0, 0.0, 0.0, 0.0, 0.0, 0.0, 0.0, 0.0, 0.0, 0.0, 0.0, 0.0, 0.0, 0.0, 0.0, 0.0, 0.0, 0.0, 0.0, 0.0, 0.0, 0.0, 0.0, 0.0, 0.0, 0.0, 0.0, 0.0, 0.0, 0.0, 0.0, 0.0, 0.0, 0.0, 0.0, 0.0, 0.0, 0.0, 0.0, 0.0, 0.0, 0.0, 0.0, 0.0, 0.0, 0.0, 0.0]}, {"genotype": [47.38295170157342, -31.392075398840944, -2.437069499119886, -5.572298328150909, 30.635996859068563, -3.9756175044482456, -3.342021560678209, 58.110469910235956, -59.774218731070455, -3.1140195000681787, 34.733257650071884, 82.72709993395243, 13.494393483954113, -95.9813659202338, 61.08030758556767, 44.00096723334246, -21.823567300428504, 91.03877848562074, -27.63683669076407, -26.552588864301892, 70.86186406039378, -72.78427671995023, 4.493004347322278, 1.328215018437092, -3.082283926030404, -29.870517792315994, -34.009492942054365, 32.179318717229286, -15.363977930909067, 20.19956864410819], "fitness": -2507.8350182666745,