{"number_of_generations": 19, "hof": [{"genotype": [-27.4533849466494, -66.2361112436419, -11.855950975631172, -53.45958763858277, 15.147969117721468, 44.89967228432606, 28.685182315694703, -2.4132515226148494, 71.42015500387902, 29.44520263467659, 25.826221738254784, 54.98039722318629, -15.03242492492028, 21.26096856583638, -39.24575366619712, -14.375796770985907, 18.737651082874613, 46.535907295037404, -39.588014950083625, 3.295484290679311, 26.126908675314233, -8.812679737261066, -20.61815839708174, -25.233847790430936, 16.41807838246494, 6.410255121376275, -50.01994565881993, -14.997973368057085, -3.3039013254389578, -5.05785670266329], "fitness": -64707113692.296776, "contributor_spops": [0.0, 0.0, 0.14623641967773438, 0.14861297607421875, 0.0, 0.0, 0.02028656005859375, 0.0, 0.0, 0.0, 0.00629425048828125, 0.007781982421875, 0.0, 0.0, 0.04332733154296875, 0.0, 0.0, 0.06488800048828125, 0.0, 0.030963897705078125, 0.02497100830078125, 0.09529876708984375, 0.21103668212890625, 0.00580596923828125, 0.19449615478515625], "avg_migration_jump": [0.1858062744140625, 0.02816009521484375, 0.21814727783203125, 0.12988662719726562, 0.01522064208984375, 0.0, 0.007781982421875, 0.06488800048828125, 0.03497314453125, 0.0, 0.0, 0.0, 0.0, 0.0, 0.0038909912109375, 0.02028656005859375, 0.0, 0.0, 0.0116119384765625, 0.06111907958984375, 0.046352386474609375, 0.0859375, 0.0859375, 0.0, 0.0, 0.0, 0.0, 0.0, 0.0, 0.0, 0.0, 0.0, 0.0, 0.0, 0.0, 0.0, 0.0, 0.0, 0.0, 0.0, 0.0, 0.0, 0.0, 0.0, 0.0, 0.0, 0.0, 0.0, 0.0, 0.0, 0.0]}, {"genotype": [-21.227563322334376, -59.16036960674322, -8.53596212334977, -61.15657886835784, 18.081683199795645, 38.92013856040238, 21.572716100553464, 0.13709244872419823, 68.76860617155353, 19.423307317771055, 28.30271082958498, 45.07853440164507, -19.749955607024926, 29.693260086327683, -40.80599556801113, -32.214200388914, 13.12889874957577, 32.49293196017987, -40.825590003686784, 5.6597853641843745, 23.118109097591315, -5.011315253568053, -22.984937867818175, -19.47226785603191, 22.49453186912935, 3.3014065866911695, -61.03059640061598, -20.07727804666667, -1.4733999169266947, -8.378686596345881], "fitness": -65559748699.558525, "contributor_spops": [0.0, 0.0, 0.156951904296875, 0.16522216796875, 0.0, 0.0, 0.0079345703125, 0.0, 0.0, 0.0, 0.013427734375, 0.0166015625, 0.0, 0.0, 0.032958984375, 0.0, 0.0, 0.138427734375, 0.0, 0.012786865234375, 0.0284423828125, 0.063720703125, 0.08648681640625, 0.0023193359375, 0.27471923828125], "avg_migration_jump": [0.28204345703125, 0.0108642578125, 0.08966064453125, 0.084686279296875, 0.032470703125, 0.0, 0.0166015625, 0.138427734375, 0.01513671875, 0.0, 0.0, 0.0, 0.0, 0.0, 0.00830078125, 0.0079345703125, 0.0, 0.0, 0.004638671875, 0.02484130859375, 0.018768310546875, 0.1328125, 0.1328125, 0.0, 0.0, 0.0, 0.0, 0.0, 0.0, 0.0, 0.0, 0.0, 0.0, 0.0, 0.0, 0.0, 0.0, 0.0, 0.0, 0.0, 0.0, 0.0, 0.0, 0.0, 0.0, 0.0, 0.0, 0.0, 0.0, 0.0, 0.0]}, {"genotype": [-27.507546570271153, -57.36258646890361, -11.065308118359543, -58.31591811546159, 18.858442553795822, 26.69493845159726, 17.948917592645778, -9.47540843348828, 82.15895541100576, 10.419458920184473, 17.733209469839256, 57.63857591909358, -7.663140375203124, 20.105387038670457, -37.20031377392921, -23.559822986684225, 13.584550221466984, 42.445239365414025, -45.60723686218502, 2.9861293463856704, 21.78038787786847, -5.649237749241913, -27.256923366472726, -20.792067094122835, 15.477229858944499, 8.490638885987162, -49.513137290823146, -15.93307621717798, -6.117790357974878, -19.28111335716528], "fitness": -77188318063.71898, "contributor_spops": [0.0, 0.0, 0.1278076171875, 0.127685546875, 0.0, 0.0, 0.03173828125, 0.0, 0.0, 0.0, 0.0, 0.0, 0.0, 0.0, 0.060546875, 0.0, 0.0, 0.0, 0.0, 0.0511474609375, 0.02197265625, 0.125, 0.345947265625, 0.00927734375, 0.098876953125], "avg_migration_jump": [0.074462890625, 0.04345703125, 0.358642578125, 0.1756591796875, 0.0, 0.0, 0.0, 0.0, 0.060546875, 0.0, 0.0, 0.0, 0.0, 0.0, 0.0, 0.03173828125, 0.0, 0.0, 0.0185546875, 0.099365234375, 0.0750732421875, 0.03125, 0.03125, 0.0, 0.0, 0.0, 0.0, 0.0, 0.0, 0.0, 0.0, 0.0, 0.0, 0.0, 0.0, 0.0, 0.0, 0.0, 0.0, 0.0, 0.0, 0.0, 0.0, 0.0, 0.0, 0.0, 0.0, 0.0, 0.0, 0.0, 0.0]}, {"genotype": [-35.91587163258286, -48.107241495361706, -16.63421809375612, -50.14687266689578, 14.867206884344272, 38.70003731038478, 36.925978633043506, -4.657427343893261, 69.88986885544486, 23.985448204772965, 24.975284329597542, 58.23333664862016, 8.928490007600619, 25.3287649962244, -42.3333483445135, -25.8747282574891, 6.077414342255981, 37.34388717728103, -50.47461011776732, 14.583321351516796, 24.61540529996642, -12.929444965393008, -30.480454261881842, -35.95627293131379, 10.24711301553907, 7.623804791675034, -60.11522113156393, -20.407102815021663, -16.161384379571007, 1.8542361868630906], "fitness": -94872764577.46373, "contributor_spops": [0.0, 0.0, 0.157958984375, 0.15576171875, 0.0, 0.0, 0.0, 0.0, 0.0, 0.0, 0.0, 0.0, 0.0, 0.0, 0.05859375, 0.0, 0.0, 0.0, 0.0, 0.062255859375, 0.0, 0.0, 0.39111328125, 0.0, 0.17431640625], "avg_migration_jump": [0.14111328125, 0.0, 0.42431640625, 0.062255859375, 0.0, 0.0, 0.0, 0.0, 0.05859375, 0.0, 0.0, 0.0, 0.0, 0.0, 0.0, 0.0, 0.0, 0.0, 0.0, 0.09326171875, 0.095458984375, 0.0625, 0.0625, 0.0, 0.0, 0.0, 0.0, 0.0, 0.0, 0.0, 0.0, 0.0, 0.0, 0.0, 0.0, 0.0, 0.0, 0.0, 0.0, 0.0, 0.0, 0.0, 0.0, 0.0, 0.0, 0.0, 0.0, 0.0, 0.0, 0.0, 0.0]}, {"genotype": [-17.53337023438319, -46.829657644479404, -11.63027860642064, -61.22411091941158, 5.544044295013498, 15.878334691441921, 25.411658897967808, 10.203212415313464, 68.1603397251283, 28.899684107663756, 25.59378369591618, 25.565841175931826, -23.045830799952622, 40.15435284861162, -28.547045006929615, -20.737626853048308, 14.757065922084111, 38.828312888685765, -34.063204409792135, 4.819142455156937, 13.39898500732687, -12.12589785157177, -27.796885637942665, -36.3631797938326, 16.489145295552092, -14.545100792112205, -62.905829395537175, -18.956542443398956, -3.0765282990640817, 0.19840479781956333], "fitness": -113274884342.09308, "contributor_spops": [0.0, 0.0, 0.125, 0.1416015625, 0.0, 0.0, 0.0, 0.0, 0.0, 0.0, 0.02685546875, 0.033203125, 0.0, 0.0, 0.03564453125, 0.0, 0.0, 0.27685546875, 0.0, 0.0, 0.0458984375, 0.06494140625, 0.0, 0.0, 0.25], "avg_migration_jump": [0.27685546875, 0.0, 0.0, 0.08154296875, 0.06494140625, 0.0, 0.033203125, 0.27685546875, 0.0, 0.0, 0.0, 0.0, 0.0, 0.0, 0.0166015625, 0.0, 0.0, 0.0, 0.0, 0.0, 0.0, 0.125, 0.125, 0.0, 0.0, 0.0, 0.0, 0.0, 0.0, 0.0, 0.0, 0.0, 0.0, 0.0, 0.0, 0.0, 0.0, 0.0, 0.0, 0.0, 0.0, 0.0, 0.0, 0.0, 0.0, 0.0, 0.0, 0.0, 0.0, 0.0, 0.0]}, {"genotype": [-10.238421026463826, -54.62363198228136, -30.442322417854886, -55.47021270314576, -11.633316540370274, 32.38026747460734, 16.259639680706208, 2.2439060111943787, 78.64297055928958, 17.068491680911574, 41.97173678334795, 61.90792159960874, -7.036951692824029, -3.2309902111838227, -45.95670904999476, -11.214950385365372, 0.600745521302084, 40.97129353458126, -8.673619074637914, -8.719724198830932, 26.167515080975868, 7.434684678835491, -18.82030980174703, -19.07581714858306, 27.902895275437245, -12.370329347372138, -41.47679297257378, -24.478041665695642, 36.24298837505722, -43.32476995498954], "fitness": -152808222144.53137, "contributor_spops": [0.0, 0.0, 0.3515625, 0.234375, 0.0, 0.0, 0.0, 0.0, 0.0, 0.0, 0.0, 0.0, 0.0, 0.0, 0.0, 0.0, 0.0, 0.0, 0.0, 0.1484375, 0.0, 0.0, 0.0859375, 0.0, 0.1796875],