{"number_of_generations": 499, "hof": [{"genotype": [20.16875851900511, 6.425666426139908, -3.91651622697184, -23.33561702687518, -10.41207571606772, 21.435367283051605, 18.74150959597907, 9.158773778815561, -0.21414576810255204, -26.547702380318675, 77.78880521057965, 43.734571202834466, 28.167599144194384, -2.419548466814961, -14.9234668691545, -42.56125560374913, -8.809055062992872, -3.8063633715822256, -45.51582281952166, 30.34678039942369, 73.0569409147769, 36.83165349659315, -70.60687948721319, -8.99857484564856, 22.68788830031831, 86.77214862362473, -31.115436138208718, 24.17443005112569, -35.81723809078894, 75.31961714908745], "fitness": -2964.2497806803585, "contributor_spops": [0.019133994056303717, 0.019133994056303717, 0.019133994056303717, 0.019133994056303717, 0.019133994056303717, 0.01932472084790445, 0.019165781854903842, 0.01931792318027574, 0.01918479952057533, 0.10840772744392578, 0.02810709231291037, 0.02810709231291037, 0.02901267548501518, 0.17055220172829888, 0.03946201174017071, 0.05271885606023577, 0.047554930611097355, 0.06096634410445253, 0.05047597582652174, 0.04530523002261665, 0.041666666666666664, 0.041666666666666664, 0.041666666666666664, 0.041666666666666664, 0.0, 0.0, 0.0, 0.0, 0.0, 0.0, 0.0, 0.0, 0.0, 0.0, 0.0, 0.0, 0.0, 0.0, 0.0, 0.0, 0.0, 0.0, 0.0, 0.0, 0.0, 0.0, 0.0, 0.0, 0.0, 0.0, 0.0]}, {"genotype": [19.21399346143096, 7.251047763677214, -3.7102093546011243, -21.5028915345838, -10.670590650591876, 21.110169669281145, 16.00547232560334, 7.959550254482844, -2.8120602374677293, -26.29015679023397, 77.72006401957276, 46.07391887302359, 27.033338368818097, -2.808397773613122, -15.82286116352915, -39.66634807775045, -6.324627529566338, -4.728452137089467, -48.00798864636047, 32.40867126179708, 73.65806054176126, 35.42365515816759, -71.70816952310642, -9.62211362021134, 25.788761176777996, 86.63911383384647, -34.92572385434415, 25.519123563466746, -34.96592526414214, 79.91183442532659], "fitness": -2968.168378613828, "contributor_spops": [0.019459704290337002, 0.019459704290337002, 0.019459704290337002, 0.019459704290337002, 0.019459704290337002, 0.019659551570954382, 0.0194930121704399, 0.019652422785061074, 0.019512938497267547, 0.10891864203313828, 0.02845350885085462, 0.02845350885085462, 0.029401042742644455, 0.16826922151951398, 0.03966545838811776, 0.05263984348973881, 0.047367537700405984, 0.05961169372599362, 0.04995533755308165, 0.04498109200358158, 0.041666666666666664, 0.041666666666666664, 0.041666666666666664, 0.041666666666666664, 0.0, 0.0, 0.0, 0.0, 0.0, 0.0, 0.0, 0.0, 0.0, 0.0, 0.0, 0.0, 0.0, 0.0, 0.0, 0.0, 0.0, 0.0, 0.0, 0.0, 0.0, 0.0, 0.0, 0.0, 0.0, 0.0, 0.0]}, {"genotype": [17.736145366465465, 4.124272384079918, -9.490994986004221, -23.41625738240842, -11.750960656963414, 13.06063223079515, 22.094399477818335, 5.879246688395909, 0.06749062468086287, -26.827650785531365, 76.00633996068919, 50.27280832943134, 22.610284572687384, -1.1771850667300363, -12.816065880590292, -40.34714896927398, -10.09827954457651, 2.29772842452502, -41.58830710645351, 26.304164251629825, 73.47810655192838, 36.566559570472165, -72.82762941686447, -10.603177249428049, 24.59052466430648, 89.0517570086681, -31.642242375555128, 26.93797770863523, -36.286099225308206, 75.90747195038364], "fitness": -2973.340626088045, "contributor_spops": [0.02126296376854675, 0.02126296376854675, 0.02126296376854675, 0.02126296376854675, 0.02126296376854675, 0.02151388913246941, 0.021304784662533858, 0.021504891342453078, 0.021329797997523763, 0.111621394511252, 0.030358957648896585, 0.030358957648896585, 0.03153823728686879, 0.15525233763183208, 0.04073172091830023, 0.05197697322139756, 0.04623893446990909, 0.05275142441287496, 0.04715678569852847, 0.04337942790686308, 0.041666666666666664, 0.041666666666666664, 0.041666666666666664, 0.041666666666666664, 0.0, 0.0, 0.0, 0.0, 0.0, 0.0, 0.0, 0.0, 0.0, 0.0, 0.0, 0.0, 0.0, 0.0, 0.0, 0.0, 0.0, 0.0, 0.0, 0.0, 0.0, 0.0, 0.0, 0.0, 0.0, 0.0, 0.0]}, {"genotype": [21.253201953265094, 7.568210864224417, -4.741642034114252, -10.551936586163947, -18.48110467715523, 17.066557776008867, 18.259627485909313, 5.585819204513857, 5.149749616425366, -31.760467746169653, 61.84957076574825, 46.986613558393955, 34.5345697082615, -2.930621749000583, -2.156140183168043, -44.104047762168435, -13.347807763981711, 0.727115950798515, -48.513343020714665, 31.54402990900629, 70.80292653882228, 40.86477034586102, -66.04770999292579, -2.7600938792056526, 25.18190128276681, 86.01374976153926, -25.82278415982079, 21.020930150233355, -32.95432955338391, 79.75510343170322], "fitness": -2973.5145243016323, "contributor_spops": [0.027013470240607095, 0.027013470240607095, 0.027013470240607095, 0.027013470240607095, 0.027013470240607095, 0.02740129758289954, 0.027078108130989164, 0.02738717527161292, 0.02711674152356714, 0.12619787935015542, 0.03702485530622596, 0.03702485530622596, 0.03880030230069487, 0.13780816460097928, 0.0461153200377753, 0.05271259112907747, 0.04807976820108703, 0.0496867532722885, 0.04613520041974958, 0.045454545454545456, 0.045454545454545456, 0.045454545454545456, 0.0, 0.0, 0.0, 0.0, 0.0, 0.0, 0.0, 0.0, 0.0, 0.0, 0.0, 0.0, 0.0, 0.0, 0.0, 0.0, 0.0, 0.0, 0.0, 0.0, 0.0, 0.0, 0.0, 0.0, 0.0, 0.0, 0.0, 0.0, 0.0]}, {"genotype": [21.09213591382281, 7.893372644121333, -6.724769562147758, -12.357673480074432, -16.93923453320017, 18.066613128203727, 18.290917737528016, 8.04343530935922, -0.13881995231105027, -28.361598069149395, 58.089084503247335, 44.771553173622195, 31.30136754737478, -6.719929622017792, -6.472079383623404, -45.262849389005275, -12.039433053416246, -0.25920229049580223, -47.03658671015933, 26.98888452940433, 72.63650890509193, 40.42761748654253, -70.16151459004587, -4.683805974341133, 18.902222795455273, 84.1167502063999, -31.138500429504344, 21.212929565719676, -32.476921501822964, 76.96405075401756], "fitness": -2975.1789941867773, "contributor_spops": [0.026436412823501933, 0.026436412823501933, 0.026436412823501933, 0.026436412823501933, 0.026436412823501933, 0.026805897692341006, 0.02649799363497511, 0.026792502867712356, 0.02653480728906727, 0.12576078688504172, 0.03645740524866471, 0.03645740524866471, 0.038162297608390815, 0.14318940750152917, 0.04599728159823679, 0.05334690883959064, 0.048411035080504886, 0.05065917525526875, 0.04638139476886596, 0.045454545454545456, 0.045454545454545456, 0.045454545454545456, 0.0, 0.0, 0.0, 0.0, 0.0, 0.0, 0.0, 0.0, 0.0, 0.0, 0.0, 0.0, 0.0, 0.0, 0.0, 0.0, 0.0, 0.0, 0.0, 0.0, 0.0, 0.0, 0.0, 0.0, 0.0, 0.0, 0.0, 0.0, 0.0]}, {"genotype": [21.25973489057439, 8.176566300900086, -6.807486223846933, -12.335504741172572, -16.553825906889458, 18.422402909548545, 18.176473807172375, 8.073064996683394, 0.17165097976492927, -28.289531043640487, 58.1279298981974, 44.62128834625618, 31.359051332690004, -6.070752910236293, -6.386221363012225, -45.57994724607513, -11.61372386826756, -0.5404492509132921, -47.20902879676051, 27.03837215293724, 72.69914816292855, 40.45152734731567, -70.18137485706296, -5.161819633276964, 18.866606961615545, 84.13433685005609, -31.33629660754267, 21.521315550445575, -32.66656494498423, 76.4969483935162], "fitness": -2975.5281919765216,