{"number_of_generations": 79, "hof": [{"genotype": [15.479985474435482, -39.43629148232929, 71.84858227998976, -50.8967929240716, 10.671968701809625, -62.587062581669215, 43.96355892859316, 73.22727583822922, -81.10453179007933, -18.00831658214386, -4.634487352725419, -13.036035878610397, -46.4674374888255, -63.60345511933244, 7.8702691978737604, 75.34534153224, 2.3311974484779086, 43.947492450466804, 29.828091294926466, 23.75533932199706, 36.686025691560765, 33.468840312256084, 79.80471281654066, -40.73787697670741, -59.772070484450204, 61.58913795413357, -10.792036950396838, 59.80090859550445, 78.572638259062, -25.873999517873987], "fitness": -3518.855231353139, "contributor_spops": [0.125, 0.125, 0.125, 0.125, 0.125, 0.125, 0.125, 0.125, 0.0]}, {"genotype": [16.380992390771723, -38.906888163132294, 72.0152409770662, -51.77785066393445, 11.510617890626278, -62.45015283577042, 42.42063046799262, 73.94200216356587, -80.47938922584537, -19.07006202388186, -2.5205446457680623, -13.25769378367181, -45.46624779056735, -63.99830431290545, 9.571143980223152, 75.39083203702704, 1.3942241633982206, 44.752754304839165, 30.178233986329662, 23.956127618083215, 37.64404344693344, 34.537319332323676, 79.68515372664602, -40.90061053279959, -59.23158695258578, 62.11909987835151, -8.956740641962813, 61.41274656441496, 78.85538437806552, -26.387717719148988], "fitness": -3522.318713543512, "contributor_spops": [0.125, 0.125, 0.125, 0.125, 0.125, 0.125, 0.125, 0.125, 0.0]}, {"genotype": [16.971456728157392, -39.43855125192262, 70.43830301680478, -51.3903872073063, 12.289038153231683, -62.90722627972466, 43.869701602835896, 74.53813467309972, -79.92712012594903, -18.7323587239782, -3.557516258911601, -14.672435446617989, -47.54223559545437, -61.22367486136467, 11.094901680480705, 75.31969146360152, 1.2068648866366565, 45.112470579811585, 31.376167563863103, 25.196804614963206, 38.7876466980177, 33.04563311146332, 77.57354114162497, -39.42801336954679, -58.14796711623966, 61.59553228664563, -9.113275714097849, 58.55275719719312, 81.49278794334158, -24.665763395467472], "fitness": -3535.168419539804, "contributor_spops": [0.125, 0.125, 0.125, 0.125, 0.125, 0.125, 0.125, 0.125, 0.0]}, {"genotype": [16.953599452745188, -38.5471387453064, 68.96673324567996, -50.73713693246829, 13.095807673213706, -63.61364031996807, 43.13007441398494, 76.10437134848348, -80.4550177405289, -19.769613278344554, -4.1338050769831245, -14.710633336533949, -48.12376534454729, -61.789779973148754, 11.319308069712811, 75.15074130735566, 1.7159521012826504, 44.594543175373474, 32.01286972723506, 25.710323525197033, 40.16700418936269, 33.190921803157245, 76.26853859854032, -38.059271708181384, -58.588229850735594, 60.64275709993961, -7.955466347407533, 58.85948146434518, 82.44933900877949, -24.098789506983373], "fitness": -3540.807291564565, "contributor_spops": [0.125, 0.125, 0.125, 0.125, 0.125, 0.125, 0.125, 0.125, 0.0]}, {"genotype": [17.825270375648504, -41.1248153333122, 74.68130145370006, -56.037989580587734, 10.911822842216777, -58.20127612144043, 42.05393361181912, 68.01580415181091, -77.13255388768664, -12.34482159638715, -0.86746503702486, -16.551920522747228, -44.33731446052042, -57.11451033059882, 11.217252124047269, 76.34439327371365, -0.8838986048045192, 46.988869085058376, 29.940964034047408, 21.36054711384855, 33.74237947217832, 33.53837226549269, 82.0935018474377, -49.941247174740354, -55.71366372771626, 64.2912510918352, -13.15024421230227, 53.743253405633816, 80.05749583050522, -25.149373917616273], "fitness": -3555.4111966871437, "contributor_spops": [0.125, 0.125, 0.125, 0.125, 0.125, 0.125, 0.125, 0.125, 0.0]}, {"genotype": [22.48555661081405, -43.43317517018899, 70.91313059020813, -57.8343954236573, 4.124021069181983, -61.8627902804339, 48.657055359783676, 64.90411254798589, -71.10172496860696, -8.880492528353667, -1.1061219523021109, -11.760298827849699, -45.78283983935151, -62.05255419646848, 8.322017703845745, 70.08483299598484, -2.565015803243342, 41.140415221469574, 23.543356461905738, 22.05466981262937, 36.55914925236726, 31.21553355760632, 80.74481035889843, -45.67027602972959, -58.948522468732826, 56.578119829834954, -15.989733251552163, 46.643838349315374, 78.3320530928307, -33.933344223108605], "fitness": -3573.519594171099, "contributor_spops": [0.125, 0.125, 0.125, 0.125, 0.125, 0.125, 0.125, 0.125, 0.0]}, {"genotype": [20.175035139937183, -47.37578101164925, 72.5067283380276, -58.83814755103676, 7.708642321207543, -61.345257624490024, 47.4498175211815, 64.32409633048671, -72.74682059848253, -12.349882789502468, -1.4120280139020287, -17.17041058038964, -45.64255980808264, -60.24090003420642, 12.725509809254353, 76.60150365562268, -3.049132374759634, 46.157906115699916, 27.21923767581126, 22.03866225298768, 37.28072163466897, 32.53543574123149, 82.39306325364798, -50.17979962956445, -58.44191668139447, 61.787019881192826, -20.116149729993854, 51.83198067822357, 77.11229782894222, -31.236904660331557], "fitness": -3580.457519587037, "contributor_spops": [0.14285714285714285, 0.14285714285714285, 0.14285714285714285, 0.14285714285714285, 0.14285714285714285, 0.14285714285714285, 0.14285714285714285, 0.0, 0.0]}, {"genotype": [14.970017675443964, -43.6416515431185, 76.58096755762321, -55.23794376228246, 11.838332165318612, -53.68766373528643, 47.80780454767443, 66.16708116847404, -72.116838483932, -7.430372713572216, -5.019503823851759, -15.051964987897467, -54.64559355247199, -64.7245802961767, 7.7748331375060955, 78.5678277640711, -7.90082795207848, 52.00897817804263, 30.24882816475083, 22.738954004535028, 35.53261347033212, 32.91856488837483, 86.62266966965932, -46.0485315230289, -60.485260724456026, 57.447424147992244, -19.039877618554126, 51.92867622584413, 80.83672802643868, -35.24157012951527], "fitness": -3592.744500912944, "contributor_spops": [0.14285714285714285, 0.14285714285714285, 0.14285714285714285, 0.14285714285714285, 0.14285714285714285, 0.14285714285714285, 0.14285714285714285, 0.0, 0.0]}, {"genotype": [16.320656102613572, -43.8439224668487, 81.22270258527531, -52.170909433069234, 12.005837869689415, -50.34902110111164, 48.04776128663728, 72.60371045217953, -74.68605142437586, -13.033474724571505, -3.2511479262221874, -16.227511414975734, -54.31386465828527, -68.03863905126634, 6.8964007178637905, 78.70311349322805, -3.9746190947014406, 54.72614172177391, 27.971275048144875, 23.08123711196937, 38.386128613191985, 28.350755449737044, 84.04591305174556, -45.00486632630728, -58.29855514769767, 57.246334439347436, -21.586879622997483, 47.63847509165593, 78.76640527319299, -33.80681864312947], "fitness": -3612.454330546665, "contributor_spops": [0.14285714285714285, 0.14285714285714285, 0.14285714285714285, 0.14285714285714285, 0.14285714285714285, 0.14285714285714285, 0.14285714285714285, 0.0, 0.0]}, {"genotype": [17.83450883224476, -44.98360970051405, 69.98640076466026, -64.99654974497696, 11.577384282349463, -65.95184397899008, 48.07081065075556, 69.59809821738205, -73.23378177614195, -6.907770947986026, 2.2250483374388565, -17.476879367530874, -43.95324544739339, -55.07250796272259, 12.282357877987968, 74.13343943779427, -5.118381077437759, 50.262093705650265, 27.505351907107446, 24.275296736174464, 31.48986917762887, 32.527149260143325, 82.2178307186764, -52.99596290736913, -52.78371422896401, 66.06623467159949, -16.847197827860924, 58.71883022119907, 68.94442485024433, -34.58841914922286], "fitness": -3613.4098012220675, "contributor_spops": [0.14285714285714285, 0.14285714285714285, 0.14285714285714285, 0.14285714285714285, 0.14285714285714285, 0.14285714285714285, 0.14285714285714285, 0.0, 0.0]}]}