{"number_of_generations": 79, "hof": [{"genotype": [-51.776472249158765, 21.50556486980671, -15.869695797644363, 72.60613784330897, -47.46459874665783, -1.1913683993334927, 30.564823301685628, -11.197974702425796, -19.586786748541577, -40.93298556757655, 53.85604342758791, 84.88474318489513, -51.24597041801378, 2.6576000713553767, 6.817039191282144, -16.130704614592585, 11.156243718393652, 10.566150167948733, -26.078783790811038, -27.83867242752939, -36.37486524163028, 46.26264085179483, -3.4088171847826265, 16.051689569436903, 16.736223710958708, 90.15934816846178, 14.44360859738483, -36.76583282524468, -64.09728718574442, -36.30937387270836], "fitness": -3393.9161683164048, "contributor_spops": [0.12499102220317582, 0.12499102220317582, 0.12501795559364837, 0.125, 0.125, 0.125, 0.125, 0.125, 0.0]}, {"genotype": [-49.72745117376577, 23.35432541227265, -19.953188316006553, 74.8486246611078, -50.44652741072188, -5.650417338353156, 29.43782625100131, -15.317624256919643, -13.766459034472092, -43.979777843717784, 58.83765277141444, 85.84448696540233, -56.80550793986409, -1.2109018226117338, 1.0875747886180962, -14.028880572211765, 12.358628014528392, 12.748038178635715, -25.8601230935954, -28.25099640347948, -39.54368086712589, 44.5207311614805, -1.261447796324684, 9.634230173260956, 18.261062984979926, 91.19031585432113, 13.90600276378614, -35.54884642220847, -59.88136001578401, -35.506272206810905], "fitness": -3402.9819472499516, "contributor_spops": [0.12498204440635163, 0.12498204440635163, 0.12503591118729673, 0.125, 0.125, 0.125, 0.125, 0.125, 0.0]}, {"genotype": [-53.30998405595051, 20.25306997017308, -12.600893833314943, 70.66225396470698, -44.91209501132144, 2.466543984373103, 31.53258144401388, -7.878602023802953, -24.226679629776026, -38.441933770301475, 50.02338189680575, 84.1202619590081, -46.725437736882846, 5.722064751416339, 11.503143621715827, -17.879268090677783, 10.208599991724217, 8.916574834563852, -26.313130896481884, -27.542433328875877, -33.793407780428474, 47.47793579921321, -5.321093661466868, 21.29804005778837, 15.602065022350562, 89.40713490004802, 14.940053228247908, -37.69903967393266, -67.51236347768987, -37.15917635285643], "fitness": -3407.8549795585845, "contributor_spops": [0.125, 0.125, 0.125, 0.125, 0.125, 0.125, 0.125, 0.125, 0.0]}, {"genotype": [-53.20304925756885, 19.349376056055394, -10.498489500280193, 68.86016227490333, -44.14794075805443, 2.4419471721142307, 31.973544507774772, -4.844337508370525, -21.855417948272507, -37.6167405477387, 50.33531821145244, 82.42210086680151, -48.80244173753704, 0.18966463316912474, 8.847280397196805, -14.49931066220066, 11.00827584230821, 8.348615284029686, -24.788756996949317, -27.998147661803777, -36.324632259810755, 46.48661210653916, -0.7155683521220273, 20.449093889976442, 14.376017181910864, 88.30626630605855, 9.678560724747541, -37.990917517446526, -64.32124275040411, -31.93790359362119], "fitness": -3408.616857775787, "contributor_spops": [0.14285714285714285, 0.14285714285714285, 0.14285714285714285, 0.14285714285714285, 0.14285714285714285, 0.14285714285714285, 0.14285714285714285, 0.0, 0.0]}, {"genotype": [-53.223553566840465, 20.46572309803209, -13.169128778317843, 71.42027573011353, -45.0641240461441, 2.27180162481124, 31.367266359990033, -8.646719158471756, -24.89739752862777, -38.64392620011245, 49.97369464950898, 84.86530606295501, -45.953742861647974, 7.698479829023283, 12.30412735402379, -19.050930937839468, 9.947040698361265, 9.28027747414306, -26.814160360711053, -27.279790202801262, -32.841062256590085, 47.891910257393704, -6.639828181810106, 21.561787243421314, 16.116142186000527, 89.66625860561294, 16.629744627300095, -37.68641845317148, -68.41122874219334, -38.76781699663674], "fitness": -3409.934718763663, "contributor_spops": [0.14285714285714285, 0.14285714285714285, 0.14285714285714285, 0.14285714285714285, 0.14285714285714285, 0.14285714285714285, 0.14285714285714285, 0.0, 0.0]}, {"genotype": [-52.97546728891025, 20.514485227240232, -14.538050122143385, 72.02759881552178, -45.375923960316634, 2.280896302772638, 31.10778016910604, -8.63257371773497, -24.727284384970154, -38.19705611439963, 49.78413200202526, 85.6989316567102, -44.284624890840746, 9.698026653330315, 12.621792023926957, -20.27685263527475, 10.45287467766193, 10.506504338379834, -26.76345923971913, -26.767124968947122, -32.02516827212324, 48.72085642124235, -6.545933980538426, 21.961223536051993, 15.881800705510642, 89.66909840350712, 16.772798777537954, -38.217012822645316, -69.06868933942995, -39.42752100229272], "fitness": -3410.0049109345155, "contributor_spops": [0.14285714285714285, 0.14285714285714285, 0.14285714285714285, 0.14285714285714285, 0.14285714285714285, 0.14285714285714285, 0.14285714285714285, 0.0, 0.0]}, {"genotype": [-52.59083981909745, 19.559720952496914, -16.037780456267537, 73.24886080163006, -45.31735568159474, 2.2290796710479466, 30.567835765836623, -7.889320753330949, -25.099242329447872, -37.360195361734746, 49.713100796299045, 86.85784313602683, -42.279011174417306, 12.84117985602082, 12.54159300397265, -21.709965396570873, 11.373037012958047, 12.17252441166698, -27.13296268108667, -24.857456909240057, -30.53635957558323, 49.540277564828436, -6.569010740888155, 22.634869211738327, 16.017318768461074, 89.49474676021102, 17.059896654420843, -38.84888983811077, -69.62522828065, -40.567194748396716], "fitness": -3412.8995609372855, "contributor_spops": [0.14285714285714285, 0.14285714285714285, 0.14285714285714285, 0.14285714285714285, 0.14285714285714285, 0.14285714285714285, 0.14285714285714285, 0.0, 0.0]}, {"genotype": [-51.23644923480752, 22.97406899283479, -5.374985006733414, 63.51104271882978, -46.46279165442207, 5.615194611559669, 30.326695194727915, -3.786674085547335, -26.06371195567627, -35.99516772476627, 52.29295301772951, 80.21767718187394, -52.288772689968035, -5.8215211878195126, 7.748627230603676, -18.527696061699665, 11.431964963945285, 13.035600364050289, -23.11909682515164, -30.658760628569375, -34.64378024033964, 43.798592694489756, -4.504191082367543, 16.72826259341638, 11.55838166835562, 89.61397876570592, 5.499215842991602, -38.22510664597786, -61.617253720458194, -36.93784924747028], "fitness": -3432.930492142336, "contributor_spops": [0.14285714285714285, 0.14285714285714285, 0.14285714285714285, 0.14285714285714285, 0.14285714285714285, 0.14285714285714285, 0.14285714285714285, 0.0, 0.0]}, {"genotype": [-56.651173692410865, 24.849175957661583, -17.72934942168811, 78.09817949542342, -41.20278098789639, 14.5597794063516, 42.919794398429495, -19.17963102133961, -14.943310253763235, -45.487556041523625, 51.142053070956656, 83.38752090440637, -41.80824944113283, -6.650238757820386, 5.312526623300472, -3.4454286933797365, 9.905863927104958, 7.239011206985056, -18.49314314098764, -32.164388674079134, -49.85778764641055, 42.22064659603929, -0.043389518328861065, 27.357852423101406, 16.895416149250735, 93.37540851323675, 24.33197958867629, -34.37188058289384, -66.7407887112474, -31.574580054822675], "fitness": -3433.2602446154538, "contributor_spops": [0.16666666666666666, 0.16666666666666666, 0.16666666666666666, 0.16666666666666666, 0.16666666666666666, 0.16666666666666666, 0.0, 0.0, 0.0]}, {"genotype": [-51.78571111417017, 31.321591598821207, -16.608471038137587, 71.26472461860894, -43.3288134194984, 5.763833511942421, 32.77951284457672, -22.253393467193895, -9.608603363098789, -47.58873359861822, 48.05786262493744, 76.11336645463577, -45.31119734923707, -1.4529001464037086, 11.67810411640789, -6.9560540082280555, 16.113028115038176, 3.585637611780375, -22.33162451928682, -27.845709919093515, -43.39646872124578, 36.13344696764366, 7.71708080684272, 21.049116421662873, 16.086008088807695, 85.80058062490754, 15.560454905931909, -38.40136868472306, -64.88741149962155, -27.9816171840156], "fitness": -3450.2473920620682,