{"number_of_generations": 79, "hof": [{"genotype": [-66.22625888124145, -96.4837259491626, -61.32260112447034, 12.879425311955163, -45.6306272612272, -86.63206015257536, 93.08177620704947, 78.45133078438298, -39.59076793288404, 88.36442891142269, -47.10910404264429, 95.5656455166972, 70.87337272089835, -94.45216869731573, -80.21973505146244, -47.33838219487761, 92.67406805557864, 88.62821509782984, -41.944727772933064, 52.36363847017002, 93.04945237767663, 72.65583287946534, -87.19171768611501, -27.85349258931443, 47.53854131577398, 73.85122835380503, -71.04380759283251, 87.71714803678309, 56.3238640406442, 84.72799047663814], "fitness": -3301.3291919397425, "contributor_spops": [0.12445199615637592, 0.12554800384362408, 0.125, 0.125, 0.125, 0.125, 0.125, 0.125, 0.0]}, {"genotype": [-79.79771214273977, -87.69645150570803, -68.2968092477657, 0.34822503907041136, -50.632616917170296, -90.42539099570035, 91.43261097473965, 83.14332286179868, -39.72689557193982, 89.54106124773358, -74.02518763448637, 82.60588633754128, 46.328620514838946, -91.76494955263901, -80.54075771898123, -89.2744685208762, 86.19371732457074, 78.70460228557391, -39.141856469650726, 63.82633419900729, 93.41406052542686, 76.23443375218838, -91.34896618938043, 1.7670649387313824, 32.136225195270676, 63.16197435484272, -61.34584205636607, 85.09869222991627, 54.6067712668133, 86.3185370139414], "fitness": -3302.5183203996194, "contributor_spops": [0.12477302489981246, 0.12522697510018754, 0.125, 0.125, 0.125, 0.125, 0.125, 0.125, 0.0]}, {"genotype": [-70.62555967362456, -86.94008271115507, -58.361467049745386, -8.435251317001146, -54.47695473199756, -88.32552826627229, 84.2889286258651, 89.89482692680136, -31.513539617120514, 87.1903595072752, -69.80892022392489, 89.3399474870318, 53.99080240089385, -91.26281258204496, -69.3647647388523, -82.72609360592736, 83.39310713377459, 82.12619035529428, -35.51837421049319, 63.50234557506091, 87.55585967427211, 66.9187667970651, -88.705579309918, -13.997380391189637, 40.37508826105352, 70.57588673082165, -51.658522428293296, 81.68720094264924, 56.00960186601607, 87.27399803587109], "fitness": -3303.993496342165, "contributor_spops": [0.1248087467762833, 0.12519125322371671, 0.125, 0.125, 0.125, 0.125, 0.125, 0.125, 0.0]}, {"genotype": [-61.02761381486147, -77.528662773046, -72.18761254093054, -2.262149803931074, -48.32216133012295, -89.08114383891174, 82.39069321500122, 84.52641329215284, -36.83704723181995, 95.26002135408403, -75.36053575412807, 95.79574394935281, 71.87613190058934, -86.35093080721012, -85.55235163401836, -80.45207711495564, 81.05432613083337, 75.2401333913686, -34.838805659133506, 62.92992777995703, 97.9111707161935, 83.3994946859097, -86.24155407745941, -19.13857828872024, 51.504108936729814, 68.50349362639349, -52.65623688518158, 84.04677243347206, 64.09989787106915, 83.46205596812285], "fitness": -3315.355569516582, "contributor_spops": [0.14262521038283793, 0.14308907533144777, 0.14285714285714285, 0.14285714285714285, 0.14285714285714285, 0.14285714285714285, 0.14285714285714285, 0.0, 0.0]}, {"genotype": [-68.48563184984305, -92.91592217704786, -46.88179456691603, -6.302721720056162, -60.35083283336908, -87.19261567400049, 90.95442227869928, 94.3819855824256, -31.738008981442512, 82.50072917398025, -64.03019035631627, 80.42570606260196, 43.67169362638985, -87.4553516030279, -63.82327583746427, -58.533131483245825, 84.59557734756945, 78.96801945914329, -30.065105424936963, 56.27750324044509, 93.11265186835809, 63.09539968931919, -89.99326575504999, -19.581611106404832, 22.48283489007203, 80.06074440053021, -51.69474642264223, 88.17412086920113, 40.06347995081008, 85.20587938356604], "fitness": -3315.8265896072426, "contributor_spops": [0.1425339142614186, 0.14318037145286716, 0.14285714285714285, 0.14285714285714285, 0.14285714285714285, 0.14285714285714285, 0.14285714285714285, 0.0, 0.0]}, {"genotype": [-71.63989725811203, -94.78656804606202, -43.525638268289796, -13.743372456871246, -60.7869347455038, -87.10447047550099, 89.69958789688988, 94.46134834860142, -26.854442918839446, 92.04188290161962, -68.75863500393663, 85.01803956421132, 42.426889065926176, -84.10086277820112, -64.8269505773538, -65.60349166281489, 82.4431110511445, 87.87974571583017, -30.785805870048232, 51.97887130484345, 93.47525595473438, 62.17056752537552, -87.08015313599428, -13.486390509108713, 28.19820801046322, 83.21680235102752, -55.76291155603788, 90.52510270939861, 44.771623880973834, 86.24541847269508], "fitness": -3316.4485148751837, "contributor_spops": [0.14248064534902888, 0.14323364036525682, 0.14285714285714285, 0.14285714285714285, 0.14285714285714285, 0.14285714285714285, 0.14285714285714285, 0.0, 0.0]}, {"genotype": [-73.54818915120909, -82.28170714734435, -49.04972670990955, -14.424695693823946, -63.429367646014875, -98.34360495114683, 97.88507820731331, 95.95993523778753, -24.963182556448317, 99.86019067002886, -78.11069059861023, 98.80387206059751, 33.33719386368345, -91.43856951742674, -61.81334913877552, -60.19548557202944, 81.02206488181646, 89.95490180236386, -26.113402046445586, 65.58479594720158, 95.49564524123016, 67.44144175910522, -72.64928267359586, -0.4371182519038488, 52.26884554063483, 93.33314396099796, -47.16921350696553, 99.87669231969947, 58.388588289619655, 93.15978794437495], "fitness": -3319.095369908689, "contributor_spops": [0.16666666666666666, 0.16666666666666666, 0.16666666666666666, 0.16666666666666666, 0.16666666666666666, 0.16666666666666666, 0.0, 0.0, 0.0]}, {"genotype": [-74.20898220850587, -67.6540837203694, -30.99823044702307, -9.227740739371479, -64.1636344575969, -96.75029232970296, 93.17303457501684, 93.98090383851219, -38.71959915145104, 78.77110068912144, -59.58164541048074, 92.61523096498698, 35.39094484610082, -82.74392468897707, -86.19641712703539, -79.57595402698472, 89.79705480849526, 61.73340314914711, -30.27325512686474, 69.55299371331392, 94.95974143332124, 71.95524705486888, -81.88420399803516, 3.3893128055364716, 42.02374980513021, 69.37654053270047, -51.585951266058004, 88.3956208332017, 61.18888417334001, 95.02183728756279], "fitness": -3327.7805499033493, "contributor_spops": [0.1665759893755118, 0.16675734395782152, 0.16666666666666666, 0.16666666666666666, 0.16666666666666666, 0.16666666666666666, 0.0, 0.0, 0.0]}, {"genotype": [-77.43999921417826, -85.72888469417423, -14.810451663457815, -27.67117229837841, -74.32073427489877, -96.00887642627636, 80.08460933756167, 95.7507462048134, -31.66852510724359, 86.31770721689466, -75.56893279667827, 96.43988391891503, 26.78503472643863, -73.87562076100075, -66.85811734942641, -72.6348362203533, 89.3917861037496, 87.54373456382552, -31.444796480963735, 74.3918556177245, 95.74492631069802, 66.73884178652554, -89.04799881404645, -13.320883042787347, 42.103881138280606, 77.184533159383, -46.20017569900604, 90.52824269779354, 51.83680731594956, 94.94451782032269], "fitness": -3331.0130941768402, "contributor_spops": [0.16666666666666666, 0.16666666666666666, 0.16666666666666666, 0.16666666666666666, 0.16666666666666666, 0.16666666666666666, 0.0, 0.0, 0.0]}, {"genotype": [-60.61438066131685, -90.0173780859565, -8.29563384979636, -21.719089925180448, -74.67252897970288, -90.26431874890937, 87.89482260191623, 90.6214125333848, -34.727701279065634, 89.70505000034211, -78.36591973698614, 90.7377985371647, 32.68065043286766, -62.861429929230816, -80.96300972586958, -70.06453419608395, 85.81526906695186, 70.02497347865139, -33.050094466324076, 67.3976643020282, 89.48274963450432, 79.12385752852332, -86.5022385578436, -16.659896592167108, 34.3627628551289, 66.48821744706022, -42.04360712350131, 87.33629547533353, 61.708498604913245, 90.40098792853385], "fitness": -3334.060648681915, "contributor_spops": [0.16666666666666666, 0.16666666666666666, 0.16666666666666666, 0.16666666666666666, 0.16666666666666666, 0.16666666666666666, 0.0, 0.0, 0.0]}]}