{"number_of_generations": 9, "hof": [{"genotype": [0.23946606975178852, -51.42253059297955, -21.138927642505543, -53.94670121000852, 27.36939540365512, 43.82276968851171, 31.46012679327579, 67.86215591754954, 56.24402639854113, 27.951719348817882, 55.25449376995394, 39.59179591621823, -24.065643792477154, -0.9814929118648945, -10.356732272059583, -6.763576175663657, 8.659769894263635, 57.90402004745801, -16.44843922459024, -0.36107088303002277, -6.228233952180078, 4.865132275391013, -30.59723860230224, -35.58888175979328, 23.980143766836324, -1.6117902946664007, -28.556890708724335, -27.450265441986954, -1.3620738808394774, 2.3636862775583234], "fitness": -169656259683.20966, "contributor_spops": [1.0, 0.0]}, {"genotype": [-18.158909252293764, -54.07297853853047, -22.133792564059814, -61.743573494976744, 15.171648955151932, 51.683239990827, 31.98601105399288, 78.31872259933802, 68.179880305206, -0.1275668283666469, 75.69677085155479, 48.1960960929733, -43.26572297231997, -3.577695216719393, -18.498848202163607, 5.120338221030229, 9.951313347219282, 27.903439258905145, -35.115729150798224, 14.408124335616229, -13.813052829704429, 0.2843734983439923, -50.45973226921935, -49.51298631464353, 24.79567324671786, 0.8734214831255898, -30.830512089765207, -36.08991610342942, -33.684194667309136, -6.5479787831508816], "fitness": -195068138604.23215, "contributor_spops": [1.0, 0.0]}, {"genotype": [-10.317581251365787, -59.051535374869616, -33.00748631204912, -35.975043731629896, 21.80355471572328, 35.470744566235375, 35.4619491957764, 99.73731278111688, 54.096558559378174, 34.399030450226135, 68.71626551082728, 48.04126800189808, -32.75139634145724, -4.325508683111514, -25.798754009775905, -0.7925964479312739, 8.100722788104997, 67.55075810056357, -21.40314869865853, 3.9131876367874963, -13.215518923970482, 8.642578507584211, -43.87547393298803, -28.85289926250959, 19.623980285315568, 7.886573858330289, -42.941562612829905, -42.690077316193324, 15.68874483525375, 7.045087308292006], "fitness": -217935354585.33493, "contributor_spops": [1.0, 0.0]}, {"genotype": [1.7235594263657301, -58.42455250709012, -9.884400784200531, -62.99657745433389, 61.11739773859069, 62.627057609026096, 1.3279212395492284, 19.636476382723693, 73.95023451858441, -59.65035250184869, 48.23756302910348, 69.36460219279415, -9.628735928670238, 34.649619488980434, -61.370169732082275, -17.32706283133089, 33.00727541935552, 68.29546394879176, -59.24060870354543, -1.5065211651531936, -24.976284982542268, 1.4499568594497463, -41.18494228008001, -16.9538276660123, 31.48092326643222, 63.55248268788223, -45.70251140327903, -0.3803565102546096, -4.95892897510091, -79.91512126353476], "fitness": -239606216402.3865, "contributor_spops": [1.0, 0.0]}, {"genotype": [10.091376919915287, -43.4071904817189, -8.859328303390566, -55.94143755698306, 51.49829551091955, 73.90054708490268, -11.254335286146805, 58.15567258731185, 56.92450733047973, -43.61112416425437, 53.202600006792835, 46.24911194978093, -12.417141936554799, 39.803143449071385, -69.95176903699154, -39.90322978904271, 47.83272951170813, 77.32225836524404, -60.69378859280144, 7.196326387169078, -8.183329968383438, 6.348916565842398, -42.05338488950586, 5.35864146868173, 23.720232664649686, 47.08487426527388, -37.23810445319535, -3.2849612473243877, -9.741997044984858, -76.23589432063459], "fitness": -277858868883.7779, "contributor_spops": [1.0, 0.0]}, {"genotype": [5.063712936814808, -46.96509563921748, -14.85853599529994, -58.24473673349335, 67.97777629054856, 73.39277506025563, -11.667557691733588, 37.3387744334033, 74.1992838217539, -36.23644988287725, 56.809125767579204, 51.3271693852921, -22.529592486221524, 25.19716913722159, -75.35118194202094, -29.096812376367456, 54.90405144275664, 80.98486642216294, -35.07695127320433, 12.059664060856669, -16.743850689680603, 10.23743202901211, -36.81958963099835, -5.2746533702270835, 16.033669356894954, 60.985138863276916, -34.08625863847371, 0.732605987293848, -18.42115672853727, -76.07829432718813], "fitness": -286772951375.5836, "contributor_spops": [1.0, 0.0]}, {"genotype": [-6.916026316327329, -54.044533904407096, -22.62986906304625, -58.06124517480187, 71.52136699903902, 71.06040223354546, -11.126286756916997, 24.92605604290832, 81.58603035801896, -48.71875226380488, 57.89498174279109, 50.83935811377253, -31.15977474813563, 29.076726565317998, -77.91553969117189, -28.67288505761648, 56.926460490281535, 74.04062938270248, -36.4656992557045, 11.126726184589094, -26.268401198035086, 9.822947797685739, -42.8784638483284, 5.912186014946434, 13.299861275015243, 61.338699081174695, -26.61599922199316, 14.351782200070375, -22.92287390914968, -93.7826368000958], "fitness": -341161783215.04987, "contributor_spops": [1.0, 0.0]}, {"genotype": [34.57386769964837, -37.06803875628467, -9.715257141263818, -62.23514572229619, 33.41693706847681, 32.39473913488513, 30.428081997495305, 46.05094875118819, 47.69698615095667, -4.03659346240873, 33.507782268615635, 42.32382910020012, -17.644728530819364, -17.016362311348217, 14.028867110419657, 14.361371523498804, 13.08908290720152, 41.96690162894983, -10.019429328891894, 11.290216136649942, -3.619290562458474, 34.89427862491224, -41.273681750226025, -41.67662599721076, 12.654635505045382, -7.069946389863851, -21.001278568897035, -25.03607103486831, 16.428302913412885, 9.97940356209629], "fitness": -378107068635.78284, "contributor_spops": [1.0, 0.0]}, {"genotype": [46.48741678952215, -35.30648668994791, -11.646595973109427, -64.93180838045083, 35.70761558800375, 21.58378548369695, 31.929396272973634, 52.274138470669286, 51.571104545016325, -0.18057279631413792, 39.082675806528975, 40.48691923699738, -18.728155383601724, -9.573726522521223, 17.405448327132255, 7.411575278720932, 24.980275463879927, 48.5054838475702, -10.563202927483452, 16.248636763088157, 4.696522327062919, 45.68929481361181, -39.508340833378504, -43.993579706499155, 13.9163966609113, -6.729695358353251, -20.64122087623186, -24.983011107478557, 19.956963331282374, -0.8432305815772025], "fitness": -409640263944.6163, "contributor_spops": [1.0, 0.0]}, {"genotype": [-26.549431588582358, -63.206290355626074, -40.18517960669492, -47.706796650644904, 94.08084635038911, 47.89238426345085, -1.7363425893928763, 23.09048118564747, 80.89140880519255, -64.38989888837713, 79.47865287072861, 58.88429100265925, -36.07273119706438, 39.35322316785269, -55.34206468976901, -15.73705179426917, 58.55434562484756, 75.1935347717216, -38.295013194709334, 10.588015015698765, -24.5569302144062, 32.83718823275238, -20.19239866472395, 3.244094853032294, 40.576622166012044, 55.064154524932, -6.061833489433738, 30.505076534378, -15.414147009900795, -98.11082746941037], "fitness": -513739769231.6772, "contributor_spops": [1.0, 0.0]}]}