{"number_of_generations": 499, "hof": [{"genotype": [-81.79490000284926, -74.60088336964947, -72.49452810680323, 75.12383986549625, -74.96795814869425, -68.5655024832215, 87.88966828660207, -81.7089313301996, -76.27806311950458, -57.57903719960122, 30.479840043697795, 5.549022145535561, 9.691018761828282, -81.21561383226889, 39.563351750474396, -54.74062578879441, 65.99650020730557, 10.6512996354315, 2.8106800719118525, -48.08425226638891, 62.75520846947937, -6.935428615053928, 20.413147540929884, -46.92110458343139, 12.147412404194885, 49.715617426564414, 72.61973816099425, -52.933298024015194, 70.97694341528509, -72.3536062882094], "fitness": -2796.6033407247082, "contributor_spops": [0.00955369339452714, 0.02265077272965614, 0.016102233062091638, 0.016102233062091638, 0.016102233062091638, 0.016102233062091638, 0.016102233062091638, 0.016102233062091638, 0.02484055401383421, 0.017073157612285252, 0.017073157612285252, 0.017073157612285252, 0.017073157612285252, 0.017313271745384353, 0.017090308621792335, 0.08457974028044295, 0.021308398100458002, 0.022162963553440038, 0.021355873958956998, 0.02897552062473334, 0.021736856292245817, 0.021736856292245817, 0.021736856292245817, 0.022186728845581837, 0.03363300528512592, 0.02223069715409446, 0.02223069715409446, 0.02223069715409446, 0.02223069715409446, 0.03958830979358898, 0.022809284242077617, 0.022809284242077617, 0.023201240116978314, 0.026355127237419375, 0.023733276134684723, 0.0229481925495876, 0.024902451226757924, 0.023001010351673287, 0.023001010351673287, 0.023001010351673287, 0.03344795802609189, 0.023255813953488372, 0.023255813953488372, 0.0, 0.0, 0.0, 0.0, 0.0, 0.0, 0.0, 0.0]}, {"genotype": [-76.13019477609008, -81.70704589490153, -64.30320217264946, 88.46845747559402, -76.20246344948218, -47.84847045557949, 95.47646151379729, -76.42894704462795, -77.53664120761815, -87.04640996594982, 37.16850792373438, 29.15901987700385, 0.9601235734890334, -87.7093532743047, 54.973442508435426, -38.180321264767066, 64.03628543569808, 21.39303494717542, 11.401965436767824, -37.95586341601365, 72.99009615657131, -42.14782997244643, 22.993989864558603, -57.561241612470695, 8.83358093521547, 29.813374730716838, 80.29194028617303, -68.11979522889686, 81.49073268247702, -70.95005060557448], "fitness": -2796.9378011747476, "contributor_spops": [0.09704044049639755, 0.10295955950360244, 0.1, 0.1, 0.1, 0.1, 0.1, 0.1, 0.1, 0.1, 0.0, 0.0, 0.0, 0.0, 0.0, 0.0, 0.0, 0.0, 0.0, 0.0, 0.0, 0.0, 0.0, 0.0, 0.0, 0.0, 0.0, 0.0, 0.0, 0.0, 0.0, 0.0, 0.0, 0.0, 0.0, 0.0, 0.0, 0.0, 0.0, 0.0, 0.0, 0.0, 0.0, 0.0, 0.0, 0.0, 0.0, 0.0, 0.0, 0.0, 0.0]}, {"genotype": [-75.74169148118426, -82.06303979238297, -64.91961398048602, 88.20123746099593, -75.91447889522482, -47.301506571793254, 96.71951833571606, -77.80965570025855, -77.74189383482752, -88.21021345982841, 37.62989783981365, 29.36664424651204, 2.1964199600457155, -87.99789476039132, 54.94887430034242, -38.74699749299663, 63.955743594537516, 21.22357066993058, 11.340840557369702, -37.65464845436557, 72.4431830567507, -42.00790570042365, 22.928616790897443, -58.12781489396864, 8.91836540729099, 30.05134543716637, 80.45849647975005, -68.07720008042057, 80.00068980938099, -70.53352584158961], "fitness": -2808.859599536998, "contributor_spops": [0.09704044049639755, 0.10295955950360244, 0.1, 0.1, 0.1, 0.1, 0.1, 0.1, 0.1, 0.1, 0.0, 0.0, 0.0, 0.0, 0.0, 0.0, 0.0, 0.0, 0.0, 0.0, 0.0, 0.0, 0.0, 0.0, 0.0, 0.0, 0.0, 0.0, 0.0, 0.0, 0.0, 0.0, 0.0, 0.0, 0.0, 0.0, 0.0, 0.0, 0.0, 0.0, 0.0, 0.0, 0.0, 0.0, 0.0, 0.0, 0.0, 0.0, 0.0, 0.0, 0.0]}, {"genotype": [-78.50723008318568, -97.69827102790602, -58.09192213555288, 48.40109185059554, -90.96478044811276, -32.91062529007282, 83.01190641688227, -71.13886644681281, -79.9179735549894, -65.56461038629095, 18.034757083156396, 25.987997625930355, -20.917765351789665, -47.71314475383451, 59.736429049259485, -31.738660756540906, 51.029711219025415, 21.02842466136003, 7.329753880051436, -34.6766838132087, 49.5613600673238, -41.23894285836745, 14.309160163377733, -52.47009897256408, 8.378049182642997, 43.20483125810523, 84.67224845071135, -72.26972939471591, 72.01847567291296, -85.46411298689517], "fitness": -2818.005427069241, "contributor_spops": [0.12499523162841797, 0.12500476837158203, 0.125, 0.125, 0.125, 0.125, 0.125, 0.125, 0.0, 0.0, 0.0, 0.0, 0.0, 0.0, 0.0, 0.0, 0.0, 0.0, 0.0, 0.0, 0.0, 0.0, 0.0, 0.0, 0.0, 0.0, 0.0, 0.0, 0.0, 0.0, 0.0, 0.0, 0.0, 0.0, 0.0, 0.0, 0.0, 0.0, 0.0, 0.0, 0.0, 0.0, 0.0, 0.0, 0.0, 0.0, 0.0, 0.0, 0.0, 0.0, 0.0]}, {"genotype": [-82.29488753608243, -73.56248189962857, -79.52512030884151, 55.38146927754683, -78.49750555100816, -44.74599684364872, 64.13976313690037, -79.96751063629199, -82.20972951643358, -79.51636741203008, 37.537747065591766, 37.667913702858264, -22.360201894927624, -75.50005582828925, 21.75233205848683, -4.028326110221656, 53.78418214087238, 21.311043903855293, 24.750583869490967, -64.84857032965608, 65.71922818323532, -32.16657846249053, 33.33336037215003, -34.94742103455848, 30.358918111585098, 48.508543294955594, 78.88271405525738, -54.94721334670749, 50.22603963489142, -72.46326429760119], "fitness": -2831.4438334439715, "contributor_spops": [0.14066151210239955, 0.14505277361188615, 0.14285714285714285, 0.14285714285714285, 0.14285714285714285, 0.14285714285714285, 0.14285714285714285, 0.0, 0.0, 0.0, 0.0, 0.0, 0.0, 0.0, 0.0, 0.0, 0.0, 0.0, 0.0, 0.0, 0.0, 0.0, 0.0, 0.0, 0.0, 0.0, 0.0, 0.0, 0.0, 0.0, 0.0, 0.0, 0.0, 0.0, 0.0, 0.0, 0.0, 0.0, 0.0, 0.0, 0.0, 0.0, 0.0, 0.0, 0.0, 0.0, 0.0, 0.0, 0.0, 0.0, 0.0]}, {"genotype": [-81.39674657094832, -73.52809562421497, -79.34063983076307, 55.90389119882722, -78.00868275376672, -41.66972720457973, 61.637226054267366, -80.45815839275451, -79.54845737346868, -77.89648590993389, 36.867025358178736, 36.42091234956172, -18.594468348230638, -76.56872964841938, 21.019506898760348, -4.4784080868627765, 53.34768847047111, 25.17409093170408, 26.565122697108887, -64.41091332135164, 63.28248642414854, -34.218928804868, 37.913916276900075, -34.117117518582255, 30.94839912067895, 46.5376707852026, 77.88383791129655, -56.38739143936042, 49.04484819917301, -72.24179106236339], "fitness": -2834.7380154489224, "contributor_spops": [0.14066151210239955, 0.14505277361188615, 0.14285714285714285, 0.14285714285714285, 0.14285714285714285, 0.14285714285714285, 0.14285714285714285, 0.0, 0.0, 0.0, 0.0, 0.0, 0.0, 0.0, 0.0, 0.0, 0.0, 0.0, 0.0, 0.0, 0.0, 0.0, 0.0, 0.0, 0.0, 0.0, 0.0, 0.0, 0.0, 0.0, 0.0, 0.0, 0.0, 0.0, 0.0, 0.0, 0.0, 0.0, 0.0, 0.0, 0.0, 0.0, 0.0, 0.0, 0.0, 0.0, 0.0, 0.0, 0.0, 0.0, 0.0]}, {"genotype": [-81.53583956163793, -73.50873210380229, -79.36472971067408, 55.940195822842675, -78.14197782527813, -41.6834610242829, 61.605236105453784, -80.36310407182792, -79.52969614098159, -77.9346043957275, 36.81371597747398, 36.31875561620905, -18.643737175585592, -76.57883976144682, 20.994653698873506, -4.576977551798116, 53.39067258014675, 25.15304609679935, 26.673263934117124, -64.37017644851554, 63.21770762169723, -34.18970461173346, 37.8496020655437, -34.10480972854773, 30.933382726219854, 46.53821487783584, 77.87938937839353, -56.30129445909821, 49.19840017155798, -72.26479036591292], "fitness": -2835.082410393181,