{"number_of_generations": 499, "hof": [{"genotype": [-33.922588789186385, 46.96057095438316, -44.192085598856195, 76.05236759747137, -48.66901648202975, -18.18534637740954, 36.11292433216758, -30.097551287816383, -19.168409947041376, -28.665498601161207, 53.31809181388031, 80.15733104767351, -34.72857936147869, -47.194873935824695, -15.802043309428058, -49.5251082261568, 4.380797649057207, 46.29781000491115, -38.03644995558653, -66.91708281264695, -20.388404031391264, 51.809259770095935, -67.60867390383316, 19.703977296506547, 19.66844813218933, 89.44828668226587, -13.148335522809926, -31.31935189332281, -74.92805903743798, -51.87806514768687], "fitness": -3267.3067495951, "contributor_spops": [0.014579057024674298, 0.04330894474152106, 0.02903238713075756, 0.028973462965650967, 0.028973462965650967, 0.06158542147589413, 0.03445646179460174, 0.03441559972839296, 0.03590485301810172, 0.039816820127071176, 0.03695560770263624, 0.03552356338561905, 0.06838930721174152, 0.03983167808385829, 0.06514063675556138, 0.039792484274115546, 0.05496408778588974, 0.07964809089923244, 0.054706202981015244, 0.043567087339318314, 0.043478260869565216, 0.043478260869565216, 0.043478260869565216, 0.0, 0.0, 0.0, 0.0, 0.0, 0.0, 0.0, 0.0, 0.0, 0.0, 0.0, 0.0, 0.0, 0.0, 0.0, 0.0, 0.0, 0.0, 0.0, 0.0, 0.0, 0.0, 0.0, 0.0, 0.0, 0.0, 0.0, 0.0]}, {"genotype": [-35.491036034088005, 49.91680064366642, -40.77732118014995, 74.83384119719811, -51.22595311324844, -21.10250298705543, 38.962119425732155, -30.463940583430883, -20.262624337087185, -25.437896894416795, 51.56618149907442, 82.86111359512341, -37.141418266971904, -50.22579054296351, -17.85093017902212, -48.59909645918345, 3.700525917364505, 44.55312288915909, -38.76069535016791, -68.08429887144537, -21.50353381935445, 54.56216323362598, -68.79580835173982, 19.431643313941887, 19.5957236685215, 87.10050194127159, -14.64055001327918, -30.863610577066957, -68.98007416634397, -54.80389624902001], "fitness": -3272.6107161741593, "contributor_spops": [0.015246440365032692, 0.04528916027243905, 0.03036068591984181, 0.03029876218577118, 0.03029876218577118, 0.06439127057528339, 0.03603096072003696, 0.03598800603202518, 0.037552946552212904, 0.04166363645197895, 0.03865699092441235, 0.03715232842677208, 0.07149669985213203, 0.041664814272834694, 0.0680800582154325, 0.041611434863465135, 0.057458118758698544, 0.0832203132620488, 0.05710216510099987, 0.04552735415371982, 0.045454545454545456, 0.045454545454545456, 0.0, 0.0, 0.0, 0.0, 0.0, 0.0, 0.0, 0.0, 0.0, 0.0, 0.0, 0.0, 0.0, 0.0, 0.0, 0.0, 0.0, 0.0, 0.0, 0.0, 0.0, 0.0, 0.0, 0.0, 0.0, 0.0, 0.0, 0.0, 0.0]}, {"genotype": [-35.56886568363541, 49.82294369930723, -40.50704357767968, 74.48507140257263, -50.72105166916201, -20.940674077491753, 39.19497671757247, -31.175419068126164, -19.94810861826915, -25.048057299987654, 51.300729020606624, 83.34873883580278, -37.56748397297368, -49.78195408000681, -17.93962620845581, -48.69865985741279, 3.828075132535113, 45.37127222365435, -39.12249881605557, -67.90169126956327, -22.239464177015556, 55.001169966719715, -68.68472039050617, 19.365757225605684, 19.447508838310856, 86.89304581674145, -15.048927162574591, -30.392534871943365, -68.85832881282505, -55.533207414042735], "fitness": -3273.6230762641344, "contributor_spops": [0.015268768167992811, 0.045337138751653974, 0.03039915609256422, 0.03033502100407033, 0.03033502100407033, 0.06438911673172287, 0.03606293327104672, 0.036018165003303036, 0.0376362790050816, 0.04188425451929734, 0.03877460180149258, 0.03722339609997656, 0.07143398867745573, 0.04178932530433646, 0.06794397085636875, 0.04165540908602889, 0.05748870508023772, 0.08258295570476872, 0.057027092550134696, 0.045505610379305755, 0.045454545454545456, 0.045454545454545456, 0.0, 0.0, 0.0, 0.0, 0.0, 0.0, 0.0, 0.0, 0.0, 0.0, 0.0, 0.0, 0.0, 0.0, 0.0, 0.0, 0.0, 0.0, 0.0, 0.0, 0.0, 0.0, 0.0, 0.0, 0.0, 0.0, 0.0, 0.0, 0.0]}, {"genotype": [-35.720969065306456, 49.90404199315387, -40.175389368040705, 74.33371926575367, -50.897923279389104, -21.04010628101754, 39.357659945767715, -31.06392848323238, -20.05120541336912, -24.868892692068165, 50.95896353515883, 83.65155101453327, -37.60371581201304, -49.809990197510245, -18.092391082892632, -48.733176955356804, 4.091130105589269, 45.62201411266903, -39.380191753825414, -67.79979503451474, -22.47351137724601, 55.14973006042479, -68.89635546199017, 19.350327142007313, 19.25970693720978, 86.78427227633581, -15.231496210584938, -30.05307288373529, -68.5876146811719, -55.86098602584234], "fitness": -3275.045981664514, "contributor_spops": [0.015277538587468015, 0.04535797243193922, 0.03041498900511508, 0.030350166674840764, 0.030350166674840764, 0.06439712369155198, 0.03607749701254235, 0.036032207725471166, 0.037667249081287595, 0.04195934530956039, 0.038817073582278316, 0.03725021124497334, 0.07142459101278233, 0.04183370867577321, 0.0679031648211768, 0.04167420036877342, 0.05751693486462673, 0.08248641854064732, 0.056816153729241134, 0.04548419605601918, 0.045454545454545456, 0.045454545454545456, 0.0, 0.0, 0.0, 0.0, 0.0, 0.0, 0.0, 0.0, 0.0, 0.0, 0.0, 0.0, 0.0, 0.0, 0.0, 0.0, 0.0, 0.0, 0.0, 0.0, 0.0, 0.0, 0.0, 0.0, 0.0, 0.0, 0.0, 0.0, 0.0]}, {"genotype": [-35.46929637975813, 51.5776949968573, -40.05438783023877, 74.75147591068726, -52.07527113656073, -21.84127773435892, 39.84936404101351, -30.176046025246105, -19.829144287244354, -24.501119446856794, 50.426652137159, 83.84735452700154, -36.65335435058964, -48.44681651831871, -18.072557129043805, -48.06118817337134, 4.0434577688088815, 45.47991972458119, -39.943238550396394, -67.94091409894459, -22.676173526898722, 54.34875445202592, -69.27769057181597, 19.283256975306593, 19.988041108401937, 87.53844558685303, -15.79543997474309, -29.757141863525714, -68.03011799978077, -55.78854206647322], "fitness": -3276.954699460615, "contributor_spops": [0.015271602516751272, 0.04534602125287299, 0.030405030107046947, 0.030340884625557063, 0.030340884625557063, 0.06440178868433118, 0.03606989451817363, 0.03602515804718431, 0.037643941770861875, 0.04189400095802427, 0.03878315230842524, 0.037230661069069484, 0.07144819100911844, 0.04179570602798567, 0.06795992718626562, 0.041663789647148335, 0.057497404908316035, 0.08263799837159602, 0.05682102479913078, 0.0455138466574929, 0.045454545454545456, 0.045454545454545456, 0.0, 0.0, 0.0, 0.0, 0.0, 0.0, 0.0, 0.0, 0.0, 0.0, 0.0, 0.0, 0.0, 0.0, 0.0, 0.0, 0.0, 0.0, 0.0, 0.0, 0.0, 0.0, 0.0, 0.0, 0.0, 0.0, 0.0, 0.0, 0.0]}, {"genotype": [-35.08037091069893, 52.75943034290741, -39.56606935148985, 73.84225192245677, -51.93425744257463, -22.082199555343852, 40.71918798990502, -30.330649491653375, -20.583186894094055, -23.213034237586374, 51.042959743096944, 84.15824712469976, -36.130220241827196, -48.8303817471217, -18.171259282577456, -47.50836406081895, 4.157235741328, 45.18517093091296, -40.57783657890774, -67.99102308595214, -22.686071847346437, 54.69095677534849, -69.14965125985671, 18.468752527786602, 20.201703371768954, 87.56380692374347, -16.178811034237814, -29.55148237936956, -67.92724708682775, -56.65901787912684], "fitness": -3279.4462845318135,