{"number_of_generations": 499, "hof": [{"genotype": [-86.58560476959636, -85.09189664502975, -63.64277737032194, 65.95927991632765, -77.40466522294135, -58.55303184357716, 85.33841576112363, -68.58781844708024, -81.95089606317967, -65.97299227671135, 36.26962403036592, 26.826423087201704, 1.1202629413606182, -75.53127997968599, 57.217189102158976, -25.87844282629081, 62.94742986244321, 15.461344843448233, -6.01319826652632, -41.80513735756816, 51.321519657695525, -28.192335042275783, 16.095777487638216, -51.78363566756012, 11.155925516799366, 58.32153643471379, 76.75769297573675, -50.464983750175406, 58.469244435159204, -77.81936314781157], "fitness": -2793.4027597679606, "innovation_in_time": [1.0, 0.0, 0.0, 0.0, 0.0, 0.0, 0.0, 0.0, 0.0, 0.0, 0.0, 0.0, 0.0, 0.0, 0.0, 0.0, 0.0, 0.0, 0.0, 0.0, 0.0, 0.0, 0.0, 0.0, 0.0, 0.0, 0.0, 0.0, 0.0, 0.0, 0.0, 0.0, 0.0, 0.0, 0.0, 0.0, 0.0, 0.0, 0.0, 0.0, 0.0, 0.0, 0.0, 0.0, 0.0, 0.0, 0.0, 0.0, 0.0, 0.0, 0.0]}, {"genotype": [-84.4946369950916, -82.84766105832311, -59.20705883289071, 48.6870776541477, -70.62708745287274, -58.2352351790712, 85.53175300640426, -81.16728689226045, -87.0981893084023, -75.41172303622002, 30.415621642982526, -0.8994078303142246, -15.731902203101725, -77.22522478039471, 54.25043005580346, -18.944818692847186, 48.13613605082175, -0.9151063934683001, 2.0955648422667865, -61.02416483015862, 66.34486173251567, -37.192665306418945, -16.484864094982036, -49.99402595003683, 2.0126376544803755, 45.11476787128577, 76.42350902231074, -71.94802547853894, 61.33878437797949, -86.56990130422498], "fitness": -2805.4408859546834, "innovation_in_time": [1.0, 0.0, 0.0, 0.0, 0.0, 0.0, 0.0, 0.0, 0.0, 0.0, 0.0, 0.0, 0.0, 0.0, 0.0, 0.0, 0.0, 0.0, 0.0, 0.0, 0.0, 0.0, 0.0, 0.0, 0.0, 0.0, 0.0, 0.0, 0.0, 0.0, 0.0, 0.0, 0.0, 0.0, 0.0, 0.0, 0.0, 0.0, 0.0, 0.0, 0.0, 0.0, 0.0, 0.0, 0.0, 0.0, 0.0, 0.0, 0.0, 0.0, 0.0]}, {"genotype": [-63.58147754543026, -63.30253845861864, -81.6710648930265, 68.95497920083707, -66.0070562299738, -53.139538313204284, 96.80806668551897, -85.18379781173832, -70.83775457767173, -77.01970958596166, 13.214934043690526, 37.00310016412538, -16.949799592228764, -64.44564213608052, 69.56799669246462, -23.326527214424203, 52.708449822705504, 23.806974879470115, 11.288739230991748, -49.64073844845599, 59.59830469139705, -22.579323479565844, 25.969293714526366, -37.7500588297252, 18.318227217328356, 64.22955394978676, 77.4623993348596, -61.707029181928604, 43.78793755486679, -79.14559769332394], "fitness": -2813.327233504106, "innovation_in_time": [1.0, 0.0, 0.0, 0.0, 0.0, 0.0, 0.0, 0.0, 0.0, 0.0, 0.0, 0.0, 0.0, 0.0, 0.0, 0.0, 0.0, 0.0, 0.0, 0.0, 0.0, 0.0, 0.0, 0.0, 0.0, 0.0, 0.0, 0.0, 0.0, 0.0, 0.0, 0.0, 0.0, 0.0, 0.0, 0.0, 0.0, 0.0, 0.0, 0.0, 0.0, 0.0, 0.0, 0.0, 0.0, 0.0, 0.0, 0.0, 0.0, 0.0, 0.0]}, {"genotype": [-84.49467467248178, -72.10922150940786, -38.06700723721522, 71.9567346620529, -85.3234232892087, -67.22734547523294, 99.87578581028274, -66.7040275322, -83.44375184453006, -58.755463508529736, 26.40968436370024, -0.06982207830476206, -33.73168602702538, -93.7555414329242, 47.868463745406665, -49.785076360710114, 33.150600568260984, -0.8588450059444828, 17.412193757191886, -62.71927633176527, 53.58166443081345, -35.4074837385455, 15.20941588619448, -41.89434651122756, -0.14856584300933307, 49.02517572036731, 77.63720075650338, -52.38665518781471, 75.1030254057764, -90.40741496936154], "fitness": -2817.4576454347734, "innovation_in_time": [1.0, 0.0, 0.0, 0.0, 0.0, 0.0, 0.0, 0.0, 0.0, 0.0, 0.0, 0.0, 0.0, 0.0, 0.0, 0.0, 0.0, 0.0, 0.0, 0.0, 0.0, 0.0, 0.0, 0.0, 0.0, 0.0, 0.0, 0.0, 0.0, 0.0, 0.0, 0.0, 0.0, 0.0, 0.0, 0.0, 0.0, 0.0, 0.0, 0.0, 0.0, 0.0, 0.0, 0.0, 0.0, 0.0, 0.0, 0.0, 0.0, 0.0, 0.0]}, {"genotype": [-81.81460231086444, -89.89354965337938, -69.47661570022962, 89.25789978316163, -89.56152847226718, -43.51875264109172, 86.71513567783865, -67.88979203525003, -88.38573146597909, -42.99303534655324, 36.133838216745815, 13.503092878853042, 16.508325819783426, -56.44121403619824, 53.87693215000133, -41.11761676658966, 26.870867844293493, 13.066128575673163, 20.18318171863965, -38.960829421334466, 68.83534661292525, -33.54206658541285, 10.525488201094975, -56.09307169756185, 3.1618752901216727, 49.32204047653053, 67.02570012636156, -69.62166236571983, 45.2764058365601, -78.33422339437827], "fitness": -2842.5376560670093, "innovation_in_time": [1.0, 0.0, 0.0, 0.0, 0.0, 0.0, 0.0, 0.0, 0.0, 0.0, 0.0, 0.0, 0.0, 0.0, 0.0, 0.0, 0.0, 0.0, 0.0, 0.0, 0.0, 0.0, 0.0, 0.0, 0.0, 0.0, 0.0, 0.0, 0.0, 0.0, 0.0, 0.0, 0.0, 0.0, 0.0, 0.0, 0.0, 0.0, 0.0, 0.0, 0.0, 0.0, 0.0, 0.0, 0.0, 0.0, 0.0, 0.0, 0.0, 0.0, 0.0]}, {"genotype": [-78.2371086396811, -74.90911970827433, -67.5424913909575, 43.19644627436064, -74.48692940610294, -56.41142709552521, 77.49782695407164, -65.18791941544731, -86.67753991476913, -53.357774655036266, 41.75614710621424, 15.013967769403449, -20.707474461954963, -50.82129274739257, 76.72822397918904, -26.172429391040083, 49.81787828037629, -0.3687883132912979, 5.496610949424282, -36.19075863071254, 33.558060090796495, -38.5902392400832, 5.9890853081396465, -29.47601664843952, 13.066058709920801, 47.168540422738936, 82.88377795519776, -52.08469895942246, 39.754866088458115, -73.55215544461794], "fitness": -2845.2786674364115, "innovation_in_time": [1.0, 0.0, 0.0, 0.0, 0.0, 0.0, 0.0, 0.0, 0.0, 0.0, 0.0, 0.0, 0.0, 0.0, 0.0, 0.0, 0.0, 0.0, 0.0, 0.0, 0.0, 0.0, 0.0, 0.0, 0.0, 0.0, 0.0, 0.0, 0.0, 0.0, 0.0, 0.0, 0.0, 0.0, 0.0, 0.0, 0.0, 0.0, 0.0, 0.0, 0.0, 0.0, 0.0, 0.0, 0.0, 0.0, 0.0, 0.0, 0.0, 0.0, 0.0]}, {"genotype": [-81.58176579974447, -61.81771128976438, -75.94039154956855, 63.79563717204805, -44.556524739002704, -63.69803852325674, 92.85145908719056, -75.12737383205362, -91.99079618030447, -80.56127380383057, 41.662456013270564, 2.279571620371481, 18.25188819855658, -69.4898975060642, 63.17678983026776, -47.673537856006064, 10.4203491964772, -15.68866891663581, 14.256224643189858, -47.33898111385146, 50.17110785393409, -47.227216916917186, 16.122206212702466, -41.83768479296735, 15.977168243660167, 65.99047070281544, 56.977513973397365, -69.59174262971891, 42.62281261547152, -96.79944444594939], "fitness": -2855.8411011697603, "innovation_in_time": [1.0, 0.0, 0.0, 0.0, 0.0, 0.0, 0.0, 0.0, 0.0, 0.0, 0.0, 0.0, 0.0, 0.0, 0.0, 0.0, 0.0, 0.0, 0.0, 0.0, 0.0, 0.0, 0.0, 0.0, 0.0, 0.0, 0.0, 0.0, 0.0, 0.0, 0.0, 0.0, 0.0, 0.0, 0.0, 0.0, 0.0, 0.0, 0.0, 0.0, 0.0, 0.0, 0.0, 0.0, 0.0, 0.0, 0.0, 0.0, 0.0, 0.0, 0.0]}, {"genotype": [-85.80436177779227, -74.9765488388876, -47.90008680980047, 79.81579914473733, -80.59600244876582, -41.564450688115514, 87.95604242204318, -77.79455227755628, -77.75288772175129, -52.43994620153626, 29.30430755787068, 28.709365717695903, 8.216539003344828, -72.51127005193483, 73.0709178482373, -13.222314021839914, 28.942040468729715, -14.387494560092017, -0.4009489176327825, -58.55920573315928, 61.89647020983067, -20.215927509334946, 5.391170369650849, -52.870935956475904, 16.685085298493647, 45.774826936804246, 74.22050370803626, -71.16431191595203, 52.492351270299004, -81.58919105367445], "fitness": -2857.7710773164695,