{"number_of_generations": 499, "hof": [{"genotype": [59.23085060356606, 91.81887236039613, -55.26786104863268, -85.67887752967142, 72.40361353791599, 79.24068593350924, -58.79564375693106, 48.971195394322926, -74.82766922615134, -53.70350936828301, 83.61955750842206, -69.67069456239354, -40.087515418669255, 75.5140963671576, 13.521736733364222, 22.82213380027952, 17.880375817772368, -46.48007497505894, 79.29226618983542, -75.3615044370678, -64.67148579608846, 74.3495911218843, -44.818290959353405, -83.88027520572535, -27.757029066467002, -75.19359476438734, -82.0587009539646, 67.04314368055304, 0.7005256544438723, -50.925921344556485], "fitness": -2955.2325414066468, "innovation_in_time": [0.8621921761787034, 0.13780782382129658, 0.0, 0.0, 0.0, 0.0, 0.0, 0.0, 0.0, 0.0, 0.0, 0.0, 0.0, 0.0, 0.0, 0.0, 0.0, 0.0, 0.0, 0.0, 0.0, 0.0, 0.0, 0.0, 0.0, 0.0, 0.0, 0.0, 0.0, 0.0, 0.0, 0.0, 0.0, 0.0, 0.0, 0.0, 0.0, 0.0, 0.0, 0.0, 0.0, 0.0, 0.0, 0.0, 0.0, 0.0, 0.0, 0.0, 0.0, 0.0, 0.0]}, {"genotype": [45.18515698288667, 87.30864252166134, -54.179217389000904, -78.54635077850708, 77.9378979299037, 79.71541099321068, -46.91731386043644, 35.71518192609881, -77.73012069817025, -46.90471772459552, 89.3989732058926, -68.2739557010885, -47.61230713861158, 70.48668871925354, 20.012164682280154, 25.365893618777736, 26.981558324582856, -42.47070557666995, 83.88317150694296, -75.41677258706201, -78.20364816351403, 69.34296257191288, -47.37057662370211, -79.63658686890406, -23.384327401458236, -73.09090471977719, -76.01211978955865, 67.26157731258355, -0.8133057552150031, -43.607501809991355], "fitness": -2963.100180360994, "innovation_in_time": [0.8298714470960373, 0.17012855290396267, 0.0, 0.0, 0.0, 0.0, 0.0, 0.0, 0.0, 0.0, 0.0, 0.0, 0.0, 0.0, 0.0, 0.0, 0.0, 0.0, 0.0, 0.0, 0.0, 0.0, 0.0, 0.0, 0.0, 0.0, 0.0, 0.0, 0.0, 0.0, 0.0, 0.0, 0.0, 0.0, 0.0, 0.0, 0.0, 0.0, 0.0, 0.0, 0.0, 0.0, 0.0, 0.0, 0.0, 0.0, 0.0, 0.0, 0.0, 0.0, 0.0]}, {"genotype": [84.78832091028411, 84.82481900312861, -67.07839507085744, -80.95002161406273, 63.990799510272105, 81.19640912095167, -44.29833722506472, 26.13496762359273, -62.36652471127369, -35.68847983331992, 83.96038855408689, -91.45225331131867, -25.508418507704377, 91.91201564506622, 19.653423892147487, 12.740001707128302, 13.950309982144585, -53.742340621422606, 75.59834062823703, -70.38105220226313, -57.5359183824536, 70.70556149259644, -54.32150265583767, -94.30154210713954, -12.332290643295854, -86.65491344847186, -75.48556086033909, 74.4888119441415, 8.479998831525556, -58.40551947784673], "fitness": -2965.942188540496, "innovation_in_time": [0.8485126741167321, 0.15148732588326783, 0.0, 0.0, 0.0, 0.0, 0.0, 0.0, 0.0, 0.0, 0.0, 0.0, 0.0, 0.0, 0.0, 0.0, 0.0, 0.0, 0.0, 0.0, 0.0, 0.0, 0.0, 0.0, 0.0, 0.0, 0.0, 0.0, 0.0, 0.0, 0.0, 0.0, 0.0, 0.0, 0.0, 0.0, 0.0, 0.0, 0.0, 0.0, 0.0, 0.0, 0.0, 0.0, 0.0, 0.0, 0.0, 0.0, 0.0, 0.0, 0.0]}, {"genotype": [54.32010543192619, 95.16950235776886, -88.20884714971685, -75.78098398979137, 81.76867840254631, 74.56030130347463, -78.59125689507, 17.114020476771692, -86.43923859575267, -24.573053735908985, 91.79375550176172, -95.10529142609893, -42.3556889608592, 93.52074469830082, 20.591768259217158, 24.832038997937346, 31.134412028362796, -57.686343842414495, 44.96978002523543, -93.3494298790981, -79.24763906054034, 79.61791192632442, -53.71903787696731, -87.34426745576248, -54.568585760994566, -91.7953948287697, -75.78408953695597, 61.04957161526266, 9.854017504623101, -29.17518285170342], "fitness": -2967.3657583267473, "innovation_in_time": [0.9182420929812882, 0.08175790701871163, 0.0, 0.0, 0.0, 0.0, 0.0, 0.0, 0.0, 0.0, 0.0, 0.0, 0.0, 0.0, 0.0, 0.0, 0.0, 0.0, 0.0, 0.0, 0.0, 0.0, 0.0, 0.0, 0.0, 0.0, 0.0, 0.0, 0.0, 0.0, 0.0, 0.0, 0.0, 0.0, 0.0, 0.0, 0.0, 0.0, 0.0, 0.0, 0.0, 0.0, 0.0, 0.0, 0.0, 0.0, 0.0, 0.0, 0.0, 0.0, 0.0]}, {"genotype": [70.95860896320241, 74.96410471794067, -59.92212206962569, -78.80507748299239, 77.45119306718686, 74.09186111459938, -56.77699882968657, 28.72989727771459, -76.09114909969504, -46.558738373292975, 86.46986923986248, -79.27234791188039, -35.365749746131904, 72.69303437935437, 39.91882927666146, 17.069467128057962, 49.77572873853349, -69.41246582138254, 68.07828910801365, -68.82496015235301, -65.94660774219473, 69.83173562423254, -50.34896476061867, -78.10379057149453, -14.508975004808434, -84.38751175865721, -50.03467218465911, 68.82860280519913, -0.7800043383825597, -37.00364996362635], "fitness": -2979.593881471233, "innovation_in_time": [0.7429886143672775, 0.2570113856327225, 0.0, 0.0, 0.0, 0.0, 0.0, 0.0, 0.0, 0.0, 0.0, 0.0, 0.0, 0.0, 0.0, 0.0, 0.0, 0.0, 0.0, 0.0, 0.0, 0.0, 0.0, 0.0, 0.0, 0.0, 0.0, 0.0, 0.0, 0.0, 0.0, 0.0, 0.0, 0.0, 0.0, 0.0, 0.0, 0.0, 0.0, 0.0, 0.0, 0.0, 0.0, 0.0, 0.0, 0.0, 0.0, 0.0, 0.0, 0.0, 0.0]}, {"genotype": [45.3731080919342, 58.93038968543709, -58.49378450440522, -79.02999916442212, 92.13990967652418, 74.63901374629252, -72.31060618352734, 27.99087465748496, -68.42199931381612, -22.111771213932794, 90.6608859442839, -89.63982560978506, -59.880114457492674, 72.28529511716958, 31.77917701702734, 28.36987546608237, 27.522331903557678, -46.95167988997717, 76.58672434692784, -83.194571965564, -75.74216280908713, 77.63306970654854, -38.9296016100121, -45.11042948362437, -10.680035563552952, -72.75193078171384, -59.679449681575434, 35.046932657803836, 1.8522733881071702, -28.52028787054429], "fitness": -2997.204878793271, "innovation_in_time": [0.9495963547451538, 0.0504036452548462, 0.0, 0.0, 0.0, 0.0, 0.0, 0.0, 0.0, 0.0, 0.0, 0.0, 0.0, 0.0, 0.0, 0.0, 0.0, 0.0, 0.0, 0.0, 0.0, 0.0, 0.0, 0.0, 0.0, 0.0, 0.0, 0.0, 0.0, 0.0, 0.0, 0.0, 0.0, 0.0, 0.0, 0.0, 0.0, 0.0, 0.0, 0.0, 0.0, 0.0, 0.0, 0.0, 0.0, 0.0, 0.0, 0.0, 0.0, 0.0, 0.0]}, {"genotype": [45.36477936147306, 62.6745274366226, -28.803737535495486, -68.98833685874536, 64.45927253594857, 68.90802038372898, -76.20429228852647, 34.12623051863183, -78.86999063830132, -29.067638854322873, 59.54167009267509, -91.60695943120294, -35.50837729344809, 61.40554530379658, 0.5367248525027213, 13.617840069706187, 35.165498588515476, -53.01744625519859, 65.33975665753314, -75.02790486516226, -54.40123503546546, 64.46128205549553, -43.24319257994433, -78.18728449073083, -11.559173366622257, -76.6202419157909, -97.57424723833645, 64.8623354434417, -11.423976490132171, -34.13961391616206], "fitness": -3017.5071196430213, "innovation_in_time": [0.9196825241670012, 0.08031747583299875, 0.0, 0.0, 0.0, 0.0, 0.0, 0.0, 0.0, 0.0, 0.0, 0.0, 0.0, 0.0, 0.0, 0.0, 0.0, 0.0, 0.0, 0.0, 0.0, 0.0, 0.0, 0.0, 0.0, 0.0, 0.0, 0.0, 0.0, 0.0, 0.0, 0.0, 0.0, 0.0, 0.0, 0.0, 0.0, 0.0, 0.0, 0.0, 0.0, 0.0, 0.0, 0.0, 0.0, 0.0, 0.0, 0.0, 0.0, 0.0, 0.0]}, {"genotype": [31.580103306393646, 48.79324517591797, -68.85007424088863, -83.49072994415201, 50.95815927739276, 37.454730114755506, -48.45459579264335, 10.220793221845886, -92.40907052762253, -16.485026395414412, 72.33367696729638, -91.96779427105973, -27.076042587915875, 80.0675105176402, 35.450516114073686, 11.401269894534273, 40.07197933627461, -29.15473251142665, 54.00787864988546, -65.65489370483742, -40.747678218968744, 76.57377931592549, -58.46359180974232, -70.8394274431119, -25.767308906501448, -98.76765719444845, -67.56742361919407, 68.27974133366195, 12.625347887065267, -37.62786605278858], "fitness": -3019.30922659611,