{"number_of_generations": 499, "hof": [{"genotype": [1.2534771669568014, -21.759447562335872, 17.46085279058719, 49.725716073889124, 57.44622214152025, 11.641491457141289, -52.49500249312697, 84.02131088998607, -37.75035273234578, -50.04126571225795, 25.42193562720916, 50.30226205647853, 14.942920429642783, -74.67938908146208, 84.76168401694399, 19.743628610340878, -58.9972590189318, 47.601124652594116, -32.9071352615499, 21.79247858321692, 56.00542520089297, -89.55355715855794, 0.38179319333063244, 6.817152335574503, 8.879533016044705, -28.67226115911135, -16.372864823034856, 3.068819231390373, -19.706711795671552, 31.822250551402554], "fitness": -2436.567341434208, "innovation_in_time": [0.9990286292650707, 0.0009713707349291943, 0.0, 0.0, 0.0, 0.0, 0.0, 0.0, 0.0, 0.0, 0.0, 0.0, 0.0, 0.0, 0.0, 0.0, 0.0, 0.0, 0.0, 0.0, 0.0, 0.0, 0.0, 0.0, 0.0, 0.0, 0.0, 0.0, 0.0, 0.0, 0.0, 0.0, 0.0, 0.0, 0.0, 0.0, 0.0, 0.0, 0.0, 0.0, 0.0, 0.0, 0.0, 0.0, 0.0, 0.0, 0.0, 0.0, 0.0, 0.0, 0.0]}, {"genotype": [-1.139749949745224, -18.654412539863962, 18.014710464912724, 38.830603041400266, 62.23204255338847, 9.542106631518704, -54.50187611813318, 57.53360340084085, -31.005923462893563, 4.354758827700742, 12.091930269201384, 83.15960252119501, 14.235001378478687, -88.91416153141691, 76.41330368281254, 30.273864813725773, -74.04470022942101, 36.26652214517862, -50.11008024524355, 22.270675845716475, 90.57599717775847, -78.63810778916431, -32.86832783100626, 18.84306359959377, -10.574871438419134, -40.89632737289142, -17.606569003093703, 17.247412909958577, -3.5124666366660042, 28.371116703475142], "fitness": -2446.173704430403, "innovation_in_time": [0.995814987817271, 0.004185012182729089, 0.0, 0.0, 0.0, 0.0, 0.0, 0.0, 0.0, 0.0, 0.0, 0.0, 0.0, 0.0, 0.0, 0.0, 0.0, 0.0, 0.0, 0.0, 0.0, 0.0, 0.0, 0.0, 0.0, 0.0, 0.0, 0.0, 0.0, 0.0, 0.0, 0.0, 0.0, 0.0, 0.0, 0.0, 0.0, 0.0, 0.0, 0.0, 0.0, 0.0, 0.0, 0.0, 0.0, 0.0, 0.0, 0.0, 0.0, 0.0, 0.0]}, {"genotype": [0.6456883296244849, -36.98164374586597, 6.844666263433816, 54.25596574258382, 61.68447916586663, 8.104771033069179, -49.86785999721907, 77.09416389567541, -48.3339195873133, -12.650163500899515, 38.93175719717092, 74.57276973468298, 10.369513947841053, -85.31986114883935, 85.94658331698795, 22.06480263148287, -67.56986789129486, 47.06221859066235, -44.08620919041544, 22.80810072025129, 60.654024969299016, -79.57189386004204, -12.496195431501107, 17.102528997163066, -14.269103215954633, -29.554742884098303, -15.48498067747538, 14.900503283143689, -12.149600331505093, 28.904132490811346], "fitness": -2450.6719337304125, "innovation_in_time": [0.9862566080541191, 0.013743391945880968, 0.0, 0.0, 0.0, 0.0, 0.0, 0.0, 0.0, 0.0, 0.0, 0.0, 0.0, 0.0, 0.0, 0.0, 0.0, 0.0, 0.0, 0.0, 0.0, 0.0, 0.0, 0.0, 0.0, 0.0, 0.0, 0.0, 0.0, 0.0, 0.0, 0.0, 0.0, 0.0, 0.0, 0.0, 0.0, 0.0, 0.0, 0.0, 0.0, 0.0, 0.0, 0.0, 0.0, 0.0, 0.0, 0.0, 0.0, 0.0, 0.0]}, {"genotype": [26.339296801700172, -19.712959316159964, 22.546300020272227, 43.56188198925346, 56.28371743698806, 30.06079744794915, -70.16963041152287, 54.746369141101574, -36.129838788972414, 5.7337982067641935, 28.32593592593556, 42.51883549617256, 17.552070788904444, -73.99523016787609, 84.59377597930839, 15.518556105263958, -59.49405345410241, 61.79391502802601, -45.99318854919623, 60.66659041291574, 50.945665411746106, -63.76734097650051, 17.57712060078734, 31.060864812172817, -20.589969964027055, -32.65440409517189, -25.000802103478293, 52.85028850091143, -28.30049125198743, -9.012024252351292], "fitness": -2459.7583169482887, "innovation_in_time": [1.0, 0.0, 0.0, 0.0, 0.0, 0.0, 0.0, 0.0, 0.0, 0.0, 0.0, 0.0, 0.0, 0.0, 0.0, 0.0, 0.0, 0.0, 0.0, 0.0, 0.0, 0.0, 0.0, 0.0, 0.0, 0.0, 0.0, 0.0, 0.0, 0.0, 0.0, 0.0, 0.0, 0.0, 0.0, 0.0, 0.0, 0.0, 0.0, 0.0, 0.0, 0.0, 0.0, 0.0, 0.0, 0.0, 0.0, 0.0, 0.0, 0.0, 0.0]}, {"genotype": [14.933734655794527, -24.30334527812109, 30.994712987214967, 49.08430481846775, 47.6526026004632, 18.050049960996716, -64.61348912028689, 88.48692000152784, -2.8239731118323803, -18.381895948437496, 32.514267456761246, 96.51262336235041, -18.946561699285915, -86.09134495507986, 76.68043072935828, 52.69304264357892, -62.92984866424699, 36.57533457827544, -72.61358958296125, -6.084566094398374, 54.262765312004305, -55.321216337820616, -10.836095252804906, -11.265384856813085, 26.0257132537939, -36.350448037490416, 15.170142836216927, -12.232441869658604, 1.0190577006926063, 11.342614152581595], "fitness": -2483.909621608502, "innovation_in_time": [0.902679443359375, 0.097320556640625, 0.0, 0.0, 0.0, 0.0, 0.0, 0.0, 0.0, 0.0, 0.0, 0.0, 0.0, 0.0, 0.0, 0.0, 0.0, 0.0, 0.0, 0.0, 0.0, 0.0, 0.0, 0.0, 0.0, 0.0, 0.0, 0.0, 0.0, 0.0, 0.0, 0.0, 0.0, 0.0, 0.0, 0.0, 0.0, 0.0, 0.0, 0.0, 0.0, 0.0, 0.0, 0.0, 0.0, 0.0, 0.0, 0.0, 0.0, 0.0, 0.0]}, {"genotype": [-9.743922515890697, -23.71863027354328, -4.164953125843745, 62.848166233276444, 29.730261730263706, 12.58263371340337, -43.28490978580291, 74.19822463876986, -27.542219840695633, 27.06521184007663, 20.665655360336856, 49.962267694399024, -25.660275028922314, -78.2169656970481, 71.05037632201532, 27.770507392803122, -65.57584834635051, 41.03861217521432, -34.96494211202019, -0.32765344142711245, 52.625008391865144, -55.52265660199171, -3.299501208750092, 8.197235071898263, -3.850366043209825, -24.110064353972827, -31.243911069304534, 27.17070546408463, -3.8194700720838206, 35.912564154009495], "fitness": -2492.4175366949858, "innovation_in_time": [0.9985877871513367, 0.00141221284866333, 0.0, 0.0, 0.0, 0.0, 0.0, 0.0, 0.0, 0.0, 0.0, 0.0, 0.0, 0.0, 0.0, 0.0, 0.0, 0.0, 0.0, 0.0, 0.0, 0.0, 0.0, 0.0, 0.0, 0.0, 0.0, 0.0, 0.0, 0.0, 0.0, 0.0, 0.0, 0.0, 0.0, 0.0, 0.0, 0.0, 0.0, 0.0, 0.0, 0.0, 0.0, 0.0, 0.0, 0.0, 0.0, 0.0, 0.0, 0.0, 0.0]}, {"genotype": [-1.892922297711225, -24.60923369181193, 35.12767720506308, 68.8417371679015, 16.675247717210368, 5.461776753701411, -53.04872402367549, 27.284041047711924, -24.199708217906895, 16.567761356795543, -4.883705338512586, 57.179548266510935, 12.910238054474412, -80.54535859891881, 80.79850630677973, 53.150869742411516, -24.297518255324714, 35.495923885765315, -33.74606120150717, -29.803620755973295, 71.87375020270545, -43.24558129537414, 38.68885576720541, 16.957413186877456, 21.961556080822255, -38.06822164961778, -23.042349975332357, 31.42733414278294, -28.29473805503944, 15.755994919217168], "fitness": -2512.496757256822, "innovation_in_time": [1.0, 0.0, 0.0, 0.0, 0.0, 0.0, 0.0, 0.0, 0.0, 0.0, 0.0, 0.0, 0.0, 0.0, 0.0, 0.0, 0.0, 0.0, 0.0, 0.0, 0.0, 0.0, 0.0, 0.0, 0.0, 0.0, 0.0, 0.0, 0.0, 0.0, 0.0, 0.0, 0.0, 0.0, 0.0, 0.0, 0.0, 0.0, 0.0, 0.0, 0.0, 0.0, 0.0, 0.0, 0.0, 0.0, 0.0, 0.0, 0.0, 0.0, 0.0]}, {"genotype": [-19.118564612524235, -62.50305494610674, -56.57891169556237, 81.82165601988964, 42.96159941346254, -5.714542645184077, 47.0862832057552, 41.02496312395553, -2.4904673060129854, 11.695719270261513, 18.19029731721886, 46.85345782015749, 8.901013395649493, -56.106529338739584, 62.94662219840343, 4.525008654633439, -36.953276469656565, 87.26461334617493, -56.38281917985488, 37.47053783680909, 19.736961648565327, -51.971903166254684, -31.39516894494231, 28.307845893628638, -17.863196919291234, -64.04345632293173, 5.26339773954014, 1.0047110328814117, -27.366067926355672, 15.925604188180564], "fitness": -2517.579262800378,