{"number_of_generations": 19, "hof": [{"genotype": [-49.37688234359774, -55.92042932625495, -26.96087077576033, -63.242144019489274, 17.302913689381754, 48.571378458482556, 29.574253002610078, 4.495207549450668, 73.38508529196737, 12.304928613190086, 20.44414995062462, 55.88524322902078, -12.828495708778565, 30.077430439618013, -52.80340082227919, -25.440657501624656, 7.876688172609339, 66.68016626077454, -41.82806106791735, 0.7602231185876267, 15.28332231663919, -4.302636475421555, -32.15612211513713, -18.79006411786687, 37.39734601118321, 8.747900513028785, -52.09033858475165, -35.1100923698193, -12.420370579459654, 7.74163486463917], "fitness": -39912429303.30571, "contributor_spops": [0.0, 0.0, 0.0, 0.0, 0.0, 0.0, 0.0, 0.125, 0.14593124389648438, 0.0, 0.0, 0.0, 0.0, 0.0, 0.11453437805175781, 0.0, 0.0, 0.0, 0.0, 0.0, 0.6145343780517578, 0.0, 0.0, 0.0, 0.0, 0.0], "innovation_in_time": [1.0, 0.0, 0.0], "avg_migration_jump": [0.6145343780517578, 0.0, 0.0, 0.0, 0.0, 0.0, 0.11453437805175781, 0.0, 0.0, 0.0, 0.0, 0.0, 0.14593124389648438, 0.125, 0.0, 0.0, 0.0, 0.0, 0.0, 0.0, 0.0, 0.0, 0.0, 0.0, 0.0, 0.0, 0.0, 0.0, 0.0, 0.0, 0.0, 0.0, 0.0, 0.0, 0.0, 0.0, 0.0, 0.0, 0.0, 0.0, 0.0, 0.0, 0.0, 0.0, 0.0, 0.0, 0.0, 0.0, 0.0, 0.0, 0.0]}, {"genotype": [-26.014804897041994, -58.1765593467946, -33.36053549436383, -55.2893892421523, 15.016561900210908, 61.501326789385644, 30.346326358626605, 12.142745699569659, 59.439370408681995, -7.337047739734415, 32.080120766438796, 48.201828272288665, -15.532792192557526, 19.097454078439725, -54.88609411622725, -35.0899476562433, 13.6162754439756, 55.53667351008968, -34.54698048153263, 6.489726049370502, 30.34957790311672, 6.473566092471984, -44.36667373884561, -37.60039889059197, 43.77875348087017, 12.996978246177838, -58.968377835472225, -15.334453337263948, 9.517846385019412, -2.341659457389035], "fitness": -48372285373.16165, "contributor_spops": [0.0094146728515625, 0.027923583984375, 0.0308990478515625, 0.013671875, 0.001708984375, 0.0098419189453125, 0.040618896484375, 0.0619659423828125, 0.0914459228515625, 0.0079193115234375, 0.005096435546875, 0.0, 0.0020294189453125, 0.009674072265625, 0.016693115234375, 0.0394134521484375, 0.01409912109375, 0.0, 0.1441650390625, 0.0, 0.087005615234375, 0.23797607421875, 0.1484375, 0.0, 0.0, 0.0], "innovation_in_time": [1.0, 0.0, 0.0], "avg_migration_jump": [0.2380218505859375, 0.1975555419921875, 0.082275390625, 0.022216796875, 0.1116943359375, 0.00213623046875, 0.016693115234375, 0.0171966552734375, 0.0, 0.0117034912109375, 0.0, 0.005096435546875, 0.01934814453125, 0.09759521484375, 0.04010009765625, 0.0196685791015625, 0.042327880859375, 0.0354766845703125, 0.0, 0.0, 0.0314788818359375, 0.0094146728515625, 0.0, 0.0, 0.0, 0.0, 0.0, 0.0, 0.0, 0.0, 0.0, 0.0, 0.0, 0.0, 0.0, 0.0, 0.0, 0.0, 0.0, 0.0, 0.0, 0.0, 0.0, 0.0, 0.0, 0.0, 0.0, 0.0, 0.0, 0.0, 0.0]}, {"genotype": [-28.169880411164687, -54.10120000554778, -26.300853352225047, -53.49333527494054, 8.003696973719867, 50.09952958954488, 28.211364407916715, 9.473743593652074, 68.67478967565943, 10.18728999519072, 10.715157318977704, 45.073412417789406, -5.634317857192706, 14.630423723736527, -54.24175672257143, -20.609447754653047, 19.45322533439469, 50.581325416268136, -46.287322479450125, -0.05916558333049249, 23.534209637987257, -2.5225337327142956, -42.17616406184234, -29.659248798572943, 23.139396846819878, 6.989894523753318, -61.83889397022341, -15.390911575135863, 0.2288825905113665, -2.1853389513553103], "fitness": -54819882089.235146, "contributor_spops": [0.0077362060546875, 0.02843475341796875, 0.0370941162109375, 0.01416015625, 0.00177001953125, 0.0119476318359375, 0.048614501953125, 0.05572509765625, 0.0785369873046875, 0.0095977783203125, 0.0041656494140625, 0.0, 0.00168609619140625, 0.011199951171875, 0.014617919921875, 0.0438385009765625, 0.01413726806640625, 0.0, 0.14971923828125, 0.0, 0.077117919921875, 0.21021270751953125, 0.1796875, 0.0, 0.0, 0.0], "innovation_in_time": [1.0, 0.0, 0.0], "avg_migration_jump": [0.26198577880859375, 0.1761627197265625, 0.07489013671875, 0.02301025390625, 0.1160888671875, 0.00174713134765625, 0.014617919921875, 0.0208282470703125, 0.0, 0.01288604736328125, 0.0, 0.0041656494140625, 0.01763916015625, 0.08612060546875, 0.0341339111328125, 0.0218963623046875, 0.050384521484375, 0.0384979248046875, 0.0, 0.0, 0.03720855712890625, 0.0077362060546875, 0.0, 0.0, 0.0, 0.0, 0.0, 0.0, 0.0, 0.0, 0.0, 0.0, 0.0, 0.0, 0.0, 0.0, 0.0, 0.0, 0.0, 0.0, 0.0, 0.0, 0.0, 0.0, 0.0, 0.0, 0.0, 0.0, 0.0, 0.0, 0.0]}, {"genotype": [-27.993005993375686, -51.29080201658117, -31.470216570206283, -57.68760381386516, 5.997186398406813, 58.06966760919309, 24.539055197614744, 11.61998693504442, 70.82104432901806, 17.871682060716097, 7.40520889958278, 46.22406531789636, -3.7445577146615596, 22.309895669910976, -63.67884141748408, -20.214164550955797, 15.536016017996618, 56.5669437857388, -49.48814063071139, 2.1795029051934383, 16.360620671827125, -2.2852734597785527, -39.503490656061985, -30.27446811702088, 19.675384121984372, 3.711786288834504, -65.97814870292994, -20.48476468883654, 6.630512507687463, -0.5608519651922362], "fitness": -58315043723.54616, "contributor_spops": [0.0108642578125, 0.02459716796875, 0.0322265625, 0.01171875, 0.00146484375, 0.01025390625, 0.04296875, 0.0635986328125, 0.094482421875, 0.00830078125, 0.0059814453125, 0.0, 0.00225830078125, 0.01025390625, 0.01507568359375, 0.037109375, 0.01275634765625, 0.0, 0.1240234375, 0.0, 0.07757568359375, 0.25823974609375, 0.15625, 0.0, 0.0, 0.0], "innovation_in_time": [1.0, 0.0, 0.0], "avg_migration_jump": [0.2430419921875, 0.21435546875, 0.07275390625, 0.01904296875, 0.09619140625, 0.00250244140625, 0.01507568359375, 0.01806640625, 0.0, 0.01251220703125, 0.0, 0.0059814453125, 0.0167236328125, 0.1016845703125, 0.0430908203125, 0.01806640625, 0.04443359375, 0.0322265625, 0.0, 0.0, 0.03338623046875, 0.0108642578125, 0.0, 0.0, 0.0, 0.0, 0.0, 0.0, 0.0, 0.0, 0.0, 0.0, 0.0, 0.0, 0.0, 0.0, 0.0, 0.0, 0.0, 0.0, 0.0, 0.0, 0.0, 0.0, 0.0, 0.0, 0.0, 0.0, 0.0, 0.0, 0.0]}, {"genotype": [-27.17771080011918, -73.4313921735713, -33.56948527549949, -58.83889453675275, 17.620396929994936, 54.403110963306375, 7.096137480579614, 6.149587201642767, 63.11520892023844, -22.281670608543358, -5.521966928131973, 48.11873306209059, -6.886104079237904, 20.55044631529043, -42.39073185640226, -29.35616008836628, 19.94748040650532, 40.30094887016042, -40.0171569611161, 12.539668471297713, 22.348082563886724, -9.529956227382966, -49.2614012004924, -21.552803057063816, 21.960247464378334, 8.976622206083624, -49.246188956994715, -29.99353545523934, -3.268555822758782, -5.004116538442696], "fitness": -67672765316.82519, "contributor_spops": [0.0166015625, 0.0186767578125, 0.013427734375, 0.0078125, 0.0009765625, 0.003662109375, 0.01806640625, 0.08837890625, 0.134033203125, 0.003173828125, 0.009033203125, 0.0, 0.0035400390625, 0.00439453125, 0.0301513671875, 0.019775390625, 0.0106201171875, 0.0, 0.08203125, 0.0, 0.1551513671875, 0.3179931640625, 0.0625, 0.0, 0.0, 0.0], "innovation_in_time": [1.0, 0.0, 0.0],