{"number_of_generations": 9, "hof": [{"genotype": [-45.675141179922335, -56.22513425488159, -15.951294370870542, -49.38615030220708, 9.72507511662185, 35.339329467622676, 25.592350873317862, 4.465478677758675, 37.815272218826976, -6.166968354487212, -6.590711805308597, 7.996528960991046, -16.896193135872362, 27.267214216747096, -48.76577379829772, -18.27296166543054, -5.185116854535918, 60.969561400663906, -36.67947085344137, 0.9832762294173012, -11.803706082798193, -25.251806374810275, -26.489967333250885, -33.526113619244754, 36.67695340781327, 26.559981347493423, -47.291932280081966, -52.43089636941052, -12.741064557548373, 2.0366555238747983], "fitness": -174980593134.66232, "innovation_in_time": [1.0, 0.0]}, {"genotype": [-20.711427191386917, -41.34706759151629, 14.32357378315849, -68.07782161352719, 17.402213488807234, 24.823124016479692, 3.1576653566935757, 44.74929308296736, 51.0808315495781, -2.2832039295179083, 18.1077467260938, 19.385822674670997, -13.983820351839894, 18.136560570409188, -38.75520821471044, -28.35001558690986, 4.331802627831432, 11.399796662517929, -32.075589434996914, -5.20907646280499, 25.971491419907068, -1.7376208232197214, -30.511278672974832, -25.907361483715064, 26.567236938649053, 12.308196435381905, -32.64686064175987, 2.771982144684566, 0.37846481051635106, -23.30264398778617], "fitness": -195126090615.06598, "innovation_in_time": [1.0, 0.0]}, {"genotype": [-38.85034757764615, -72.30078637108828, -8.499770816711868, -51.69812045704517, 0.29905617201214696, 59.28105834760192, 23.320190248759545, 31.860262158275113, 57.508034955439676, -50.03696319345024, 0.6518503567679392, -8.002973692213876, -6.053403352545616, 23.023272478414338, -16.60616893815165, -19.024433371419377, 5.512866393545913, 34.356569174683735, -15.422680457396634, -44.493975313902915, 44.078116066091496, -4.193485537145239, -46.10548649427896, -29.85255520661436, 41.44150549754504, 30.274314978162742, -42.49475616376512, -23.96379017101549, 14.05081754244257, -2.37751790944208], "fitness": -215076693424.62265, "innovation_in_time": [1.0, 0.0]}, {"genotype": [-10.041782808385268, -29.596059119981604, 9.349158118550648, -58.001445175702685, 8.99118719784033, 18.41778171388611, 6.306084047013598, 50.044504769195285, 49.32580771871539, -0.911271253743628, 28.13031777615408, 13.001550872619891, -10.987694774228476, -1.2871665412927409, -42.748058692871496, -61.527656588022985, 0.7017824505857497, 15.904503324798558, -19.50603916206455, -15.086825339466309, 28.946346121464885, 10.796852292999844, -17.244805258393335, -27.891788255310125, 33.174751861385005, 26.85312091337978, -38.607699322034634, -7.328083285113385, 4.000331536752518, -19.814226158992494], "fitness": -247557146370.25687, "innovation_in_time": [1.0, 0.0]}, {"genotype": [-15.244505504673636, -27.0249243597802, -14.252016175567528, -53.631029374100564, 23.584456629536643, 36.164663807812346, 10.529094618272246, -1.1555926855712428, 55.387518579821204, -43.043220584212754, -19.96497494870064, 2.626881570028651, -11.07129823138353, -4.5354890940892165, -45.09343264764438, -2.7500777234947584, -2.0542411018427895, 44.56481493847976, -37.87888790584359, -15.841019175159719, -1.5841619482157347, -7.054118432250385, -27.109084176563435, 9.445923425977488, 30.401140185174693, 10.061306123659506, -74.27077584698054, -5.081074043875569, -24.232456089638106, 4.546156726818918], "fitness": -260693762925.9731, "innovation_in_time": [1.0, 0.0]}, {"genotype": [3.098706237980851, -33.526152020472715, -13.609094396955644, -55.37219192693248, 1.6050639549903263, 25.39920598655797, 8.544789715107374, 23.5346113328019, 17.672331323446777, 30.247048775011045, 32.424279616818, 7.647489617284298, -0.6840086940364714, 25.255675780835922, -17.0264810128944, -10.263776290294139, 25.003006864004355, 16.34742589987829, -20.746253187233307, -7.97697388575183, 21.314887615677137, -1.4349619957506405, -36.3674574259121, -1.8955906309058568, 12.239323691383255, 12.388976107680511, -33.040047273203136, -28.270153499811823, -10.25062266346113, -19.111585072939057], "fitness": -288012204496.6229, "innovation_in_time": [1.0, 0.0]}, {"genotype": [-10.243833025653418, -12.113060689709108, 4.503859729971891, -48.56912617385999, 13.062004689109713, 38.70229249698527, -19.720249829939483, 34.48327239708618, 55.367443535020534, 2.799281957167298, 30.162413722890086, 14.963298760981099, -0.12074176812406279, -3.2588065238113564, -70.07280780374727, -39.58709834392138, 19.951408173401642, 21.201941688422913, -31.263271495534802, -30.47807678245859, 44.74777029597995, 28.636134069932183, -35.54215217710687, -1.3772383191191047, 27.16629606301114, 34.74669011137128, -56.730658009835174, 6.559355578978, -16.451460775420454, -11.30259278103992], "fitness": -310408837473.8879, "innovation_in_time": [1.0, 0.0]}, {"genotype": [1.3931089691912426, -25.323027526068554, -4.581220785826536, -29.958845052630252, -1.5302330893380294, 35.436337881961336, -25.034937279478694, 11.27352707938319, 55.198590447054336, -3.4359669155141255, 18.00392347873482, 15.61565754071568, -5.77538154359763, -1.2255279281071054, -58.57156788746772, -29.550510525198987, 14.249766802552498, 2.81935868671402, -40.38111183645807, -15.914255829514548, 37.02371167733471, 32.00781847831018, -28.08989112165462, 2.6568676160250426, 35.094853592428485, 29.847094843322893, -62.901021584391636, 28.431462178811138, -19.312214857830128, -22.7744808525093], "fitness": -373271190065.0434, "innovation_in_time": [1.0, 0.0]}, {"genotype": [-14.928059966100161, -32.20279851680132, -3.2677504042554553, -37.547760442059, 11.137051742106571, 18.3957512939986, 41.20335212512596, 31.62541234387467, 2.6124919442235495, 12.127357667909209, -5.861106314458752, 15.899037214496474, -1.9310265685000942, 23.696753487737663, -54.16680800688633, -31.617821495596694, -24.19859354509544, 6.565117723939137, -22.44406319462643, -23.249776961444145, 13.912332667192405, -4.167637083796606, -26.21673390984943, -50.63226025473599, -4.291992538400466, 44.256826305616976, -60.57352872008749, -1.698345835619378, 54.35217269404671, -51.41990027320079], "fitness": -480777799545.8368, "innovation_in_time": [1.0, 0.0]}, {"genotype": [11.495270819784523, -56.143887396625146, -10.47140377332206, -15.546952932810033, 21.770636665834097, 50.849021095924826, 61.629217838964536, 59.939895924668505, -30.485297252644877, 52.67056267068615, -30.761574686747956, 13.702745039250011, 30.7743917624857, 35.19061800371016, -72.22544653921594, -22.856249878818296, -8.76541150193372, 16.84231625040034, -21.264093018903413, -19.650628532164056, -2.1655292901093546, -10.279601303844288, -50.03912928468759, -41.08475058856379, 3.428521265387573, 22.35211151682234, -58.30838274757643, -27.07872353756667, 74.51530039409727, -38.712175314147885], "fitness": -647015778460.5461, "innovation_in_time": [1.0, 0.0]}]}