{"number_of_generations": 499, "hof": [{"genotype": [-53.456431286310504, 9.671650427574866, 23.75622127795796, 35.677065235711886, 32.11410800746297, -38.1374592637156, -70.08055256957894, 29.97965092373268, 13.680052401064506, 78.48257939957827, -56.44307184236527, -1.5943170144715015, -1.111435883580348, 74.5577308703373, 48.81948101427677, 16.539365264983957, -18.108438046920664, 60.10447916713823, -52.999039188819445, -19.691573096571183, -28.202387932378688, 67.09881368764913, 77.40103332711766, 30.74537585577917, -8.673602243445224, 25.14050727892438, -41.2464514806793, -44.51641899078224, 22.09527775985493, 5.368164145141022], "fitness": -2333.613989129274, "innovation_in_time": [0.9770330747672178, 0.02252385690471454, 0.0, 0.0, 0.0, 0.0, 0.0, 0.0, 0.0, 0.0, 0.0, 0.0, 0.0, 0.0, 0.0, 0.0, 0.0, 0.0, 0.0, 0.0, 0.0, 0.0, 0.0, 0.0, 0.0, 0.00044306832806763287, 0.0, 0.0, 0.0, 0.0, 0.0, 0.0, 0.0, 0.0, 0.0, 0.0, 0.0, 0.0, 0.0, 0.0, 0.0, 0.0, 0.0, 0.0, 0.0, 0.0, 0.0, 0.0, 0.0, 0.0, 0.0]}, {"genotype": [-53.434453876717726, 9.384809995230025, 23.73905731090649, 35.80077032848536, 32.78023313687596, -37.54580609631942, -71.81458511944247, 30.721749538579598, 13.210162102584876, 77.966367629833, -56.40188037019021, -1.939960856734947, -1.275872592772176, 74.13909219476015, 48.34975449897479, 16.128617686934117, -18.28092148349649, 59.220175394044404, -53.81349137863562, -18.877528015901675, -28.814151976835365, 67.59552765951818, 77.38846793687185, 30.099573863580968, -8.481459128346785, 24.678407452797057, -41.865759701785834, -46.374467508359835, 21.61683351967063, 5.5719015629439745], "fitness": -2335.7664486642843, "innovation_in_time": [0.9783311508323375, 0.02122579784690714, 0.0, 0.0, 0.0, 0.0, 0.0, 0.0, 0.0, 0.0, 0.0, 0.0, 0.0, 0.0, 0.0, 0.0, 0.0, 0.0, 0.0, 0.0, 0.0, 0.0, 0.0, 0.0, 0.0, 0.00044305132075545884, 0.0, 0.0, 0.0, 0.0, 0.0, 0.0, 0.0, 0.0, 0.0, 0.0, 0.0, 0.0, 0.0, 0.0, 0.0, 0.0, 0.0, 0.0, 0.0, 0.0, 0.0, 0.0, 0.0, 0.0, 0.0]}, {"genotype": [-53.84299502772278, 9.194796377648174, 24.401067379649604, 35.90509743769398, 31.296378776186444, -38.330979176102396, -69.53592944093354, 30.41128431873899, 13.406387614095912, 80.34459567832963, -57.09262036998459, -1.7432124071982673, -1.2231321145344265, 74.49643358854834, 49.52703264806094, 16.57567283059135, -17.94793401101775, 61.11946723587818, -53.625304623605594, -20.068240399002466, -27.622366034193956, 67.15308323048006, 78.03472449720125, 30.82319608065771, -8.444645350500137, 24.338730428710804, -40.62514808347073, -42.669536816837294, 23.089716888269447, 5.002735963057899], "fitness": -2340.3122155957412, "innovation_in_time": [0.972576087772007, 0.026537809586482077, 0.0, 0.0, 0.0, 0.0, 0.0, 0.0, 0.0, 0.0, 0.0, 0.0, 0.0, 0.0, 0.0, 0.0, 0.0, 0.0, 0.0, 0.0, 0.0, 0.0, 0.0, 0.0, 0.0, 0.0008861026415109177, 0.0, 0.0, 0.0, 0.0, 0.0, 0.0, 0.0, 0.0, 0.0, 0.0, 0.0, 0.0, 0.0, 0.0, 0.0, 0.0, 0.0, 0.0, 0.0, 0.0, 0.0, 0.0, 0.0, 0.0, 0.0]}, {"genotype": [-53.60968531531618, 10.018064114220683, 19.570071545522612, 34.29216248824468, 30.62141699834612, -37.93465337959002, -71.04726385212005, 30.37098982611613, 13.637108875047563, 79.48159131109341, -55.950622662692865, -1.9185537443710552, -0.521887044618714, 72.76754775268861, 50.6705709473451, 16.8718849698405, -19.350125335306007, 60.444552543475844, -54.038374305817165, -18.799809744080807, -27.969764674349335, 68.00377963075582, 76.20332933276455, 31.14729920000922, -7.684363084529339, 23.806430246774923, -41.93036957256328, -44.30049761799087, 24.56040351374464, 4.596646601108844], "fitness": -2340.863715774976, "innovation_in_time": [0.9723286047052472, 0.02767139461466834, 0.0, 0.0, 0.0, 0.0, 0.0, 0.0, 0.0, 0.0, 0.0, 0.0, 0.0, 0.0, 0.0, 0.0, 0.0, 0.0, 0.0, 0.0, 0.0, 0.0, 0.0, 0.0, 0.0, 6.800845335084826e-10, 0.0, 0.0, 0.0, 0.0, 0.0, 0.0, 0.0, 0.0, 0.0, 0.0, 0.0, 0.0, 0.0, 0.0, 0.0, 0.0, 0.0, 0.0, 0.0, 0.0, 0.0, 0.0, 0.0, 0.0, 0.0]}, {"genotype": [-53.61540057134391, 10.123598417268509, 19.391891250766125, 34.194464368677835, 30.521587256403933, -37.92949113476587, -71.09653845486966, 30.35064024027979, 13.366481650928552, 79.39536664983916, -56.040013494827136, -2.1159604244348884, -0.4310852743125615, 72.69664509883023, 50.849173267618674, 16.70025935595312, -19.292098681439544, 60.32860843155274, -53.746748055823296, -18.72226742462433, -27.89017091594914, 68.1458232499909, 75.95687122019203, 31.159197718046094, -7.303558505073933, 23.717404013158294, -41.91786558301162, -44.149434345358436, 24.84691693052526, 4.479493539604473], "fitness": -2342.545231488999, "innovation_in_time": [0.9762464217699007, 0.02375357686993028, 0.0, 0.0, 0.0, 0.0, 0.0, 0.0, 0.0, 0.0, 0.0, 0.0, 0.0, 0.0, 0.0, 0.0, 0.0, 0.0, 0.0, 0.0, 0.0, 0.0, 0.0, 0.0, 0.0, 1.3601690670169653e-09, 0.0, 0.0, 0.0, 0.0, 0.0, 0.0, 0.0, 0.0, 0.0, 0.0, 0.0, 0.0, 0.0, 0.0, 0.0, 0.0, 0.0, 0.0, 0.0, 0.0, 0.0, 0.0, 0.0, 0.0, 0.0]}, {"genotype": [-53.17264638021167, 10.715235083240671, 22.177325061491164, 35.44054958216617, 33.9055707888118, -37.054727655459665, -71.026193493853, 31.05958851369539, 14.101156848014943, 79.97026638777598, -55.75992136272049, -1.2092967715762895, -1.806156006116734, 74.8813143144857, 49.41794249847028, 17.718829840021197, -20.07220936511929, 60.59874975773408, -54.312394123211064, -17.901810486812856, -28.238421427988012, 65.41200488106261, 78.92047198518178, 30.21928206725104, -9.689527512962666, 24.11360285521004, -43.18479105182955, -46.832823813347275, 22.778090668029403, 6.426908707412199], "fitness": -2344.2265716018164, "innovation_in_time": [0.9840510280183811, 0.015948971981619035, 0.0, 0.0, 0.0, 0.0, 0.0, 0.0, 0.0, 0.0, 0.0, 0.0, 0.0, 0.0, 0.0, 0.0, 0.0, 0.0, 0.0, 0.0, 0.0, 0.0, 0.0, 0.0, 0.0, 0.0, 0.0, 0.0, 0.0, 0.0, 0.0, 0.0, 0.0, 0.0, 0.0, 0.0, 0.0, 0.0, 0.0, 0.0, 0.0, 0.0, 0.0, 0.0, 0.0, 0.0, 0.0, 0.0, 0.0, 0.0, 0.0]}, {"genotype": [-51.52225224224473, 9.279214408254516, 22.35149739663893, 34.91779197980676, 34.51217757038833, -38.589476265592495, -69.93010488332938, 31.613454908808247, 14.351635140268982, 81.96587188632012, -54.04275877239982, -1.271607958030521, -0.6975684308289588, 73.01216811001464, 49.82711734687483, 15.437088683236581, -19.397725978193012, 59.746275075356564, -52.202440676737986, -20.77495074942763, -30.301190756032643, 67.13571747902434, 77.88009349746407, 31.679920827160622, -10.432028593479655, 25.81516362299331, -41.640022397885446, -45.88471331772307, 19.790316695304917, 6.201016897562131], "fitness": -2346.9375133584645, "innovation_in_time": [0.9837309681003221, 0.01626903189967794, 0.0, 0.0, 0.0, 0.0, 0.0, 0.0, 0.0, 0.0, 0.0, 0.0, 0.0, 0.0, 0.0, 0.0, 0.0, 0.0, 0.0, 0.0, 0.0, 0.0, 0.0, 0.0, 0.0, 0.0, 0.0, 0.0, 0.0, 0.0, 0.0, 0.0, 0.0, 0.0, 0.0, 0.0, 0.0, 0.0, 0.0, 0.0, 0.0, 0.0, 0.0, 0.0, 0.0, 0.0, 0.0, 0.0, 0.0, 0.0, 0.0]}, {"genotype": [-51.5649007497853, 9.236513875691616, 22.35062422239051, 34.855731455011465, 34.58360457144149, -38.5505570143098, -69.89421860712342, 31.511596924759658, 14.413744450872775, 81.98869751198214, -53.96444260750051, -1.313223213873162, -0.5644412965249184, 73.09563041721877, 49.810775649575326, 15.404035102492138, -19.449806639526038, 59.79869459196368, -52.35337923074619, -20.955132869393896, -30.327427976244387, 67.18592417133749, 77.92190661837762, 31.88707161932655, -10.334232069610534, 25.8106712767994, -41.71752805055916, -46.03704384526045, 19.921738194645695, 6.108612076633232], "fitness": -2347.054590927361,