{"number_of_generations": 79, "hof": [{"genotype": [8.815787922960517, 5.707411727870154, 4.197983202224851, -9.331951085097648, -21.237929029913733, 29.125433403918116, 16.058223216953014, -4.153994289516658, -6.136788578289785, -18.22675895695841, 84.98248655910946, 47.92128040203806, 60.03266418345307, 28.828512600528104, 46.567626706552225, -54.480907978727686, 0.3987746486607058, 12.697513171152195, -13.58819362878861, 16.981915976359385, 59.09241904816459, 46.89204236164379, -68.07883001395713, 2.2575560413628963, 11.717126758842452, 87.46927374298225, -10.233370242501248, 22.036507933726305, -18.949060047232763, 74.2613771175791], "fitness": -2977.3566947468735, "innovation_in_time": [1.0, 0.0, 0.0, 0.0, 0.0, 0.0, 0.0, 0.0, 0.0]}, {"genotype": [9.270895163461288, 5.0847736727147606, 0.4653348888919382, -9.898679085385812, -20.03822771919995, 28.23726135750303, 17.00632638190233, -2.4907215740602426, -4.935414776065334, -19.023711540394967, 82.88812288707126, 46.12415042744232, 61.45631853857823, 28.33301875948009, 44.49663060308312, -55.608017069119384, 1.336160247927519, 10.457469403137736, -17.033612177071447, 16.14618087807639, 58.10750159500403, 44.614788915690596, -65.28724996888926, 1.3285731984443314, 7.503133344885427, 86.55857390270731, -13.026600775131259, 22.936877163659094, -21.44992447135583, 75.14324627254277], "fitness": -2977.609798048564, "innovation_in_time": [1.0, 0.0, 0.0, 0.0, 0.0, 0.0, 0.0, 0.0, 0.0]}, {"genotype": [12.438236396450787, 7.653022894658711, 4.622735277536171, -3.3752250742046597, -26.337339948819015, 32.54732150442457, 15.642380125762477, -5.90092616158083, -5.262504905308292, -20.595538852965653, 80.37831845623683, 40.56293927914837, 60.68250051674374, 33.42922629269517, 27.44437219275705, -57.34884127527563, -0.027698378432758464, 8.968925693966263, -15.733496463869416, 17.38236399999737, 60.580445165228774, 39.39863705663363, -67.6267325167622, -4.74088735660274, 8.260768670632768, 88.32502504896571, -19.754354081926216, 23.61967906951812, -12.10878378758569, 83.3412184540036], "fitness": -2977.6561899255826, "innovation_in_time": [1.0, 0.0, 0.0, 0.0, 0.0, 0.0, 0.0, 0.0, 0.0]}, {"genotype": [10.508092426151974, 10.131107134687568, 5.4538383176425675, -8.134656257192812, -24.712120311124792, 31.778431372924782, 15.898266002647048, -3.816824133639262, -6.223713233746091, -18.849433698432744, 87.94550459272467, 38.711921831828235, 62.53475547669432, 26.818318443141507, 31.92639111177064, -56.494924919158635, 4.87332380545517, 13.629998780817427, -13.272514640463495, 14.038684921267844, 61.25357715365516, 45.892141770927296, -69.76181214333137, -2.5238233082961035, 7.886732340095798, 84.88271306435392, -13.852241444937095, 31.597998813128406, -20.12146406429842, 79.66745951543666], "fitness": -2982.393388666576, "innovation_in_time": [1.0, 0.0, 0.0, 0.0, 0.0, 0.0, 0.0, 0.0, 0.0]}, {"genotype": [13.143499435000022, 10.219202030654651, 5.0263744278013345, -10.2495070011473, -21.14269922050115, 31.533672888490685, 13.456636100411457, -0.07460461340364422, -4.7515836469182045, -8.99814460054138, 92.43931793009628, 44.89165489583679, 65.45065968198949, 27.764761024413033, 25.191223327797577, -66.87224632373477, -2.5675029360336152, 14.240899382026313, -19.77109025199136, 15.822903102080105, 57.58724045876416, 48.24324994625298, -64.94880898553708, 0.9117229469593287, 9.235967574019497, 85.21329793699253, -6.909085101261949, 15.080545576623987, -19.712988648423284, 79.41241880081343], "fitness": -2991.141890084952, "innovation_in_time": [1.0, 0.0, 0.0, 0.0, 0.0, 0.0, 0.0, 0.0, 0.0]}, {"genotype": [9.142738038683396, 10.426128846606316, 1.1753548445170343, -8.12418767356877, -22.52798096246367, 38.35002280806221, 12.017905142091923, -4.438190865703843, -5.654204569734764, -14.31090455706811, 89.12103477172998, 49.772047709552986, 65.08912258095519, 30.129319172302534, 35.98937121169045, -66.0695264231688, 4.426449546200995, 7.837866783612192, -15.50913925727569, 14.565204540414687, 58.103031252221626, 42.02070433034423, -62.80960916166191, -4.36063956131647, 8.63277798092271, 84.19702955744707, -5.395710475309085, 17.887384460727276, -15.513812358081589, 84.79417695776814], "fitness": -2998.4103229889656, "innovation_in_time": [1.0, 0.0, 0.0, 0.0, 0.0, 0.0, 0.0, 0.0, 0.0]}, {"genotype": [14.919098181311702, 13.719136912737671, 1.9031983433344175, -11.617176643469172, -14.17013214827716, 34.460541195073056, 23.02141458797715, -8.039022892137472, -5.039262960347567, -12.679660341176803, 88.30055921396978, 40.90174350207067, 67.51721554311777, 30.41728381522646, 27.73340196140305, -61.86705523244758, 0.4059425448503795, 11.763070796727643, -24.42813503672131, 24.95618999620008, 61.9841775775863, 46.029718863136566, -69.37217927037186, -1.8304468965693461, 7.905607663058794, 81.6498418061021, -5.817487662091702, 16.554798127044855, -17.15084417527391, 79.7661617377025], "fitness": -3003.6849114613415, "innovation_in_time": [1.0, 0.0, 0.0, 0.0, 0.0, 0.0, 0.0, 0.0, 0.0]}, {"genotype": [14.735384978583038, 2.570163388827692, 5.326058691643952, -8.031085672070663, -25.09086952393441, 30.474234972553038, 20.757607330198997, 8.90102411702646, -1.899664743936207, -14.940785957054443, 91.01791193354414, 47.68026933127303, 65.63800390279677, 18.509518708298767, 9.763595508276742, -59.787591974997966, -2.830712400585784, 6.345564117139635, -27.156054909413413, 18.954281265368703, 62.629624877637276, 41.58099454750858, -66.67315834479619, 1.220106527353451, 10.268799113468686, 83.52754750893702, -14.286578474038146, 12.144668177326777, -25.4216694678392, 84.11934298254093], "fitness": -3009.9188179728467, "innovation_in_time": [1.0, 0.0, 0.0, 0.0, 0.0, 0.0, 0.0, 0.0, 0.0]}, {"genotype": [8.68069133504142, 3.1721139348997287, 4.5273649247879195, -9.270322648765895, -18.45588797490344, 27.530994075286074, 14.652957346834375, 1.309922730699519, -3.996970579057317, -10.505801762679804, 90.91433715940528, 51.72606456374373, 63.111498505827676, 15.948296620031478, 20.90662657492868, -69.48961369541959, 2.9876937867043782, 7.023403793212102, -24.266394780720056, 23.80170280715449, 59.90014650822252, 40.29971917632326, -66.30389959988011, 10.806255187886062, 7.022075913752787, 86.1711684719483, -13.737153521904181, 8.426264269388135, -21.249392508152404, 79.90316811203958], "fitness": -3015.502305189194, "innovation_in_time": [1.0, 0.0, 0.0, 0.0, 0.0, 0.0, 0.0, 0.0, 0.0]}, {"genotype": [21.754714084215163, 4.967939447355874, -2.677012536835516, -10.816418726627353, -12.27105153655409, 38.671288212576876, 20.998400014166375, 17.408522206910014, 5.32145697685853, -11.110733747400971, 51.088274828631455, 32.03635316782716, 43.01512540669378, 0.23248233915365205, 19.272298153209587, -34.22748850604505, -9.955201987081544, 6.475288478430155, -30.68748034118893, 24.836878611718294, 60.08058981190647, 33.038786849103396, -57.14016370643482, 7.601924489195177, 13.318547561484566, 76.21068757059624, -21.180863656671704, 11.407693640493433, -33.474098977835176, 64.91669085961254], "fitness": -3016.929254723636, "innovation_in_time": [0.99248013159945, 0.007519868400549967, 0.0, 0.0, 0.0, 0.0, 0.0, 0.0, 0.0]}]}