{"number_of_generations": 499, "hof": [{"genotype": [15.849370271325348, -44.5207014249635, 12.661350535296524, 51.21915907561066, 60.899229109414975, 2.2828937275899284, -64.34110746675603, 57.3684357859355, -35.522853853144994, -7.814787522314315, 43.89560530218908, 64.74401115081947, 47.47386850290512, -97.9233209536719, 68.4960618149014, 30.970429507348946, -63.83644722385238, 39.034982800933996, -20.99906954915283, 8.573610281646776, 63.54998681387967, -80.84864491639041, -3.480194762205363, 20.68999577936706, -3.972441973500122, -23.372131115957835, 0.10327905618276922, 15.926487688031834, -32.16865458591417, 13.969017277182004], "fitness": -2427.1452004759326, "innovation_in_time": [0.9475126727265967, 0.0524790715942524, 0.0, 0.0, 0.0, 0.0, 0.0, 0.0, 0.0, 0.0, 0.0, 0.0, 0.0, 0.0, 0.0, 0.0, 0.0, 8.255679150970252e-06, 0.0, 0.0, 0.0, 0.0, 0.0, 0.0, 0.0, 0.0, 0.0, 0.0, 0.0, 0.0, 0.0, 0.0, 0.0, 0.0, 0.0, 0.0, 0.0, 0.0, 0.0, 0.0, 0.0, 0.0, 0.0, 0.0, 0.0, 0.0, 0.0, 0.0, 0.0, 0.0, 0.0]}, {"genotype": [5.328294769125156, -28.605609187432318, 24.885530884042392, 66.86539282772976, 60.07192827740641, 17.98244418007866, -55.899498639844694, 58.780166003110445, -59.231725871772504, -3.766001871181084, 32.60008370039123, 84.36392407316596, -8.627880004964748, -75.08443414453417, 74.19053285352472, 12.722379577035282, -71.69186336540356, 51.33885907542795, -44.02680685457869, 33.148465929793744, 76.24020616531202, -76.85103027045837, -6.6075872490920915, 17.284093338696067, -4.662761671152823, -41.659391536218145, -11.818680607051364, 17.2589616038201, -4.725095179287326, 22.817694244926848], "fitness": -2451.576946429724, "innovation_in_time": [0.9752038881771234, 0.024796111822876672, 0.0, 0.0, 0.0, 0.0, 0.0, 0.0, 0.0, 0.0, 0.0, 0.0, 0.0, 0.0, 0.0, 0.0, 0.0, 0.0, 0.0, 0.0, 0.0, 0.0, 0.0, 0.0, 0.0, 0.0, 0.0, 0.0, 0.0, 0.0, 0.0, 0.0, 0.0, 0.0, 0.0, 0.0, 0.0, 0.0, 0.0, 0.0, 0.0, 0.0, 0.0, 0.0, 0.0, 0.0, 0.0, 0.0, 0.0, 0.0, 0.0]}, {"genotype": [5.75133196866413, -31.2701934728712, 24.269668212584996, 67.38735751192881, 58.920985586938144, 15.965803844754886, -58.345073714318964, 54.945843121666755, -60.08325050124343, -5.409883196798827, 31.689796988244968, 84.47880002784635, -7.934101350715437, -72.62389194199436, 76.95864176138596, 14.377237491908877, -68.13982010360591, 47.37916141086508, -45.3228107318616, 32.12236876399291, 74.02378193277735, -79.51529113677124, -3.783234111211936, 18.30527211425122, -4.197628188668125, -42.934927883098325, -14.561031291760857, 18.18776412079784, -4.678373886557489, 26.441266674207206], "fitness": -2452.860511829529, "innovation_in_time": [0.9682549179827847, 0.03174508201721534, 0.0, 0.0, 0.0, 0.0, 0.0, 0.0, 0.0, 0.0, 0.0, 0.0, 0.0, 0.0, 0.0, 0.0, 0.0, 0.0, 0.0, 0.0, 0.0, 0.0, 0.0, 0.0, 0.0, 0.0, 0.0, 0.0, 0.0, 0.0, 0.0, 0.0, 0.0, 0.0, 0.0, 0.0, 0.0, 0.0, 0.0, 0.0, 0.0, 0.0, 0.0, 0.0, 0.0, 0.0, 0.0, 0.0, 0.0, 0.0, 0.0]}, {"genotype": [5.816674247518059, -32.891871733831834, 25.847233913957496, 68.91276838653381, 60.27882163397575, 15.596759397613699, -59.33369599838668, 54.93937936291832, -60.309249757490804, -6.279254171916413, 30.215441886022283, 85.59261713967408, -9.318225839791015, -70.93769641566693, 76.13616353334302, 16.402650221368884, -68.05258200585257, 46.99366455009335, -45.26585126557994, 32.877629335674165, 74.57699726325252, -78.05016901442305, -3.111003274085014, 17.63552891264353, -4.318600520163286, -43.933511036823546, -13.438846148612505, 20.216539578156635, -4.741217676374053, 27.006699139219215], "fitness": -2453.757021304178, "innovation_in_time": [0.9816135212976778, 0.018386478702322306, 0.0, 0.0, 0.0, 0.0, 0.0, 0.0, 0.0, 0.0, 0.0, 0.0, 0.0, 0.0, 0.0, 0.0, 0.0, 0.0, 0.0, 0.0, 0.0, 0.0, 0.0, 0.0, 0.0, 0.0, 0.0, 0.0, 0.0, 0.0, 0.0, 0.0, 0.0, 0.0, 0.0, 0.0, 0.0, 0.0, 0.0, 0.0, 0.0, 0.0, 0.0, 0.0, 0.0, 0.0, 0.0, 0.0, 0.0, 0.0, 0.0]}, {"genotype": [11.528424882694704, 7.73465217727905, 37.0320751336061, 76.72758539329124, 56.201011058621134, -7.116226119363539, -58.02758715021779, 51.43400911611858, -37.57065429276097, -20.3191617338258, 20.927032722197396, 80.93661650140575, 28.924941875849342, -79.57025579842305, 85.88888531969498, 19.365084399017356, -81.12108551537925, 45.563931932564, -17.321353109948294, 37.04717047986364, 69.35687297946212, -66.71430639153752, -38.52410605575429, 40.49769173716525, 5.2786367364090765, -44.57786523898891, -24.449844187420204, 24.66626397186952, -8.349581420627018, 27.631084665963833], "fitness": -2455.8706540428952, "innovation_in_time": [0.9974835339733757, 0.0025164660266242134, 0.0, 0.0, 0.0, 0.0, 0.0, 0.0, 0.0, 0.0, 0.0, 0.0, 0.0, 0.0, 0.0, 0.0, 0.0, 0.0, 0.0, 0.0, 0.0, 0.0, 0.0, 0.0, 0.0, 0.0, 0.0, 0.0, 0.0, 0.0, 0.0, 0.0, 0.0, 0.0, 0.0, 0.0, 0.0, 0.0, 0.0, 0.0, 0.0, 0.0, 0.0, 0.0, 0.0, 0.0, 0.0, 0.0, 0.0, 0.0, 0.0]}, {"genotype": [-4.211412005895225, -33.900879355572364, 34.68954306712322, 28.69663860595584, 44.968765168416525, 17.70925109659119, -59.43022184043989, 72.57893972474494, -39.906234375368925, -3.3412846994263745, 33.2818093486228, 65.11331515352236, 11.95900290084241, -76.49507230688707, 70.95405862859201, 18.287986829500518, -51.5890089705628, 62.258558614714524, -44.442646239218206, 23.040271198295017, 75.90555576719214, -45.21589291211085, -8.414506845399007, 22.231532289767188, 12.215411819552978, -46.45215513392623, 0.11879603601077804, 26.948163449194084, 4.647988535306069, 11.32485459852619], "fitness": -2461.457424682703, "innovation_in_time": [0.9682592858049299, 0.03174071419507003, 0.0, 0.0, 0.0, 0.0, 0.0, 0.0, 0.0, 0.0, 0.0, 0.0, 0.0, 0.0, 0.0, 0.0, 0.0, 0.0, 0.0, 0.0, 0.0, 0.0, 0.0, 0.0, 0.0, 0.0, 0.0, 0.0, 0.0, 0.0, 0.0, 0.0, 0.0, 0.0, 0.0, 0.0, 0.0, 0.0, 0.0, 0.0, 0.0, 0.0, 0.0, 0.0, 0.0, 0.0, 0.0, 0.0, 0.0, 0.0, 0.0]}, {"genotype": [4.920249783442582, -14.33162993911138, 32.21656942226056, 43.86117614098221, 70.58964488707885, 20.485863536746788, -50.34230806927988, 91.22390541688651, -31.69513388491702, 24.11947831422345, 1.2073665539914757, 57.20644703539081, 12.393312071902882, -94.0785483263239, 90.35512064297656, 19.999102160043098, -54.19208723954049, 41.69284674028888, -41.50579268377374, 29.165064652122016, 55.00326095496442, -95.19362254825342, -26.308802490234903, 15.072301003848917, -23.102162134431296, -55.30907037888625, 7.666741904563005, 7.2295346209652855, 1.6000429014622455, 24.08979557729766], "fitness": -2462.9354660536487, "innovation_in_time": [0.9824462693804065, 0.017553730619593498, 0.0, 0.0, 0.0, 0.0, 0.0, 0.0, 0.0, 0.0, 0.0, 0.0, 0.0, 0.0, 0.0, 0.0, 0.0, 0.0, 0.0, 0.0, 0.0, 0.0, 0.0, 0.0, 0.0, 0.0, 0.0, 0.0, 0.0, 0.0, 0.0, 0.0, 0.0, 0.0, 0.0, 0.0, 0.0, 0.0, 0.0, 0.0, 0.0, 0.0, 0.0, 0.0, 0.0, 0.0, 0.0, 0.0, 0.0, 0.0, 0.0]}, {"genotype": [4.81041969712574, -13.254267406374469, 32.769299269376376, 43.796322446316694, 71.27000611097857, 21.23038054994247, -49.81237386788601, 91.47644487789017, -31.557564659282214, 25.10261773585164, 1.3104859618293094, 56.549658692517745, 12.00356057555478, -94.97934687807867, 91.36504264526647, 20.064404670171662, -53.836707457519054, 41.95309413814648, -41.18518958791655, 28.74965753346251, 55.07639277404892, -95.52322182717836, -27.297285874350557, 15.418860992932224, -23.136373338607168, -56.3327372262016, 7.397170422459541, 7.7945510303580425, 2.368586356438392, 23.160072002406853], "fitness": -2463.718842933425,