{"number_of_generations": 499, "hof": [{"genotype": [-67.10471499193089, -77.10620183579431, -57.021502763525625, 86.1922554118282, -84.39275265404105, -57.7970008616529, 87.71997276578244, -62.656743888930635, -81.30148848418659, -67.36253408301211, 33.67611852354781, 26.27888606025401, 27.59082618939441, -61.80784594095291, 64.17368988466727, -55.62003390305149, 31.24378034219528, 17.241321081101976, 12.79780179226621, -49.1951232174933, 54.48131354706692, -17.2214107104978, 7.201107223318178, -51.69369646497737, 8.283529365675255, 63.274319185053685, 83.812004110399, -53.81602134658745, 64.87342170218707, -74.08850625472121], "fitness": -2789.677667616045, "innovation_in_time": [1.0, 0.0, 0.0, 0.0, 0.0, 0.0, 0.0, 0.0, 0.0, 0.0, 0.0, 0.0, 0.0, 0.0, 0.0, 0.0, 0.0, 0.0, 0.0, 0.0, 0.0, 0.0, 0.0, 0.0, 0.0, 0.0, 0.0, 0.0, 0.0, 0.0, 0.0, 0.0, 0.0, 0.0, 0.0, 0.0, 0.0, 0.0, 0.0, 0.0, 0.0, 0.0, 0.0, 0.0, 0.0, 0.0, 0.0, 0.0, 0.0, 0.0, 0.0]}, {"genotype": [-81.40649486102446, -86.8450217073165, -70.70959527561105, 71.71339043865916, -70.95137654848035, -63.229331703355314, 78.29384474310136, -53.05044988930999, -86.6128011127193, -53.229891995890846, 36.15720683289787, 16.45393181187722, 33.798929331324416, -61.66248212463556, 58.26300181498859, -37.34931518910696, 40.67354826576379, 22.05641018876888, 17.132413728462403, -40.577794855843436, 55.47931736476156, -26.70042247292827, -2.002235361115492, -45.38881908710939, 13.748561657951182, 52.67251420226938, 83.33172790225868, -51.718164822328994, 63.76633607531697, -93.20560865787665], "fitness": -2797.4020494457523, "innovation_in_time": [1.0, 0.0, 0.0, 0.0, 0.0, 0.0, 0.0, 0.0, 0.0, 0.0, 0.0, 0.0, 0.0, 0.0, 0.0, 0.0, 0.0, 0.0, 0.0, 0.0, 0.0, 0.0, 0.0, 0.0, 0.0, 0.0, 0.0, 0.0, 0.0, 0.0, 0.0, 0.0, 0.0, 0.0, 0.0, 0.0, 0.0, 0.0, 0.0, 0.0, 0.0, 0.0, 0.0, 0.0, 0.0, 0.0, 0.0, 0.0, 0.0, 0.0, 0.0]}, {"genotype": [-97.1567095848524, -68.0543935249784, -89.27574007184604, 67.8452093368453, -78.51590615558185, -31.89609800210723, 98.00255578123492, -61.97064037171164, -90.65932086253783, -68.30479167411994, 20.357335264851322, 9.471129975769585, -24.220589407961548, -63.86198742265722, 47.125925660669225, -47.49306736411711, 40.87436977366094, 37.506198706193416, 10.46892047068261, -27.583159965167308, 43.888060700446694, -24.289943400273458, 10.153804525466343, -33.975981213680896, 39.382052055967684, 29.162792122774533, 83.85151009420122, -61.1513968445771, 39.529539927218686, -78.59836176440602], "fitness": -2808.0660032805713, "innovation_in_time": [1.0, 0.0, 0.0, 0.0, 0.0, 0.0, 0.0, 0.0, 0.0, 0.0, 0.0, 0.0, 0.0, 0.0, 0.0, 0.0, 0.0, 0.0, 0.0, 0.0, 0.0, 0.0, 0.0, 0.0, 0.0, 0.0, 0.0, 0.0, 0.0, 0.0, 0.0, 0.0, 0.0, 0.0, 0.0, 0.0, 0.0, 0.0, 0.0, 0.0, 0.0, 0.0, 0.0, 0.0, 0.0, 0.0, 0.0, 0.0, 0.0, 0.0, 0.0]}, {"genotype": [-80.55800731376345, -81.62063740819727, -56.75960902382014, 88.49502702145547, -74.60719525292076, -49.65345166466601, 85.02620520916986, -56.505522986684966, -80.34228057734758, -82.04387305239504, 21.857132558059682, 41.139588104189365, -13.80510945288236, -66.10269969747556, 43.14275997699991, -33.12058600415198, 54.15615032870507, 9.686933268013203, -3.702913105307431, -28.64057659521161, 52.4909027027721, -22.564403430563658, 6.6775568746038285, -51.45139627475646, 25.672450336740837, 56.151507816295, 74.34347834908817, -30.125443681880537, 74.19323796833142, -81.38698689581842], "fitness": -2812.7009451689564, "innovation_in_time": [1.0, 0.0, 0.0, 0.0, 0.0, 0.0, 0.0, 0.0, 0.0, 0.0, 0.0, 0.0, 0.0, 0.0, 0.0, 0.0, 0.0, 0.0, 0.0, 0.0, 0.0, 0.0, 0.0, 0.0, 0.0, 0.0, 0.0, 0.0, 0.0, 0.0, 0.0, 0.0, 0.0, 0.0, 0.0, 0.0, 0.0, 0.0, 0.0, 0.0, 0.0, 0.0, 0.0, 0.0, 0.0, 0.0, 0.0, 0.0, 0.0, 0.0, 0.0]}, {"genotype": [-72.06187395824081, -83.11412212058971, -63.76935875306235, 89.2560389452525, -76.29867262202379, -48.360204115021595, 84.3107046264881, -47.74788285219154, -79.83243206809826, -83.3953674217018, 23.33619069499958, 35.562504854452364, -5.970973233817906, -65.95624942018135, 43.59462255091466, -28.45409243881354, 53.501960012117074, 5.262027093961748, -9.522198428374978, -28.418351533239193, 48.86729358826137, -30.65666933003037, 12.174562349858117, -55.34332986954708, 26.861748852656397, 41.65930599127242, 78.58781528946314, -41.016232507086755, 73.30434653352035, -80.96194773975998], "fitness": -2820.765535081209, "innovation_in_time": [1.0, 0.0, 0.0, 0.0, 0.0, 0.0, 0.0, 0.0, 0.0, 0.0, 0.0, 0.0, 0.0, 0.0, 0.0, 0.0, 0.0, 0.0, 0.0, 0.0, 0.0, 0.0, 0.0, 0.0, 0.0, 0.0, 0.0, 0.0, 0.0, 0.0, 0.0, 0.0, 0.0, 0.0, 0.0, 0.0, 0.0, 0.0, 0.0, 0.0, 0.0, 0.0, 0.0, 0.0, 0.0, 0.0, 0.0, 0.0, 0.0, 0.0, 0.0]}, {"genotype": [-87.80881045973777, -87.89441765053836, -59.41664471464366, 42.18076709079672, -80.35572365147368, -48.77991129238415, 90.61413906732108, -56.83688208720212, -93.75402885791307, -79.81130917737448, 42.631341000912755, 34.365281601778754, 46.60126510502082, -91.77011949996354, 23.045830373147883, -44.365936560512154, 39.601761428619795, 13.524286730768354, 9.84038954886618, -60.57064279677749, 56.139282067935454, -11.967733061364852, 4.1883823112987395, -41.71138593431354, -4.942422611857754, 59.765555125380786, 64.31334563005431, -47.974507677248525, 55.428996323756, -88.7501928728744], "fitness": -2824.2881523821607, "innovation_in_time": [1.0, 0.0, 0.0, 0.0, 0.0, 0.0, 0.0, 0.0, 0.0, 0.0, 0.0, 0.0, 0.0, 0.0, 0.0, 0.0, 0.0, 0.0, 0.0, 0.0, 0.0, 0.0, 0.0, 0.0, 0.0, 0.0, 0.0, 0.0, 0.0, 0.0, 0.0, 0.0, 0.0, 0.0, 0.0, 0.0, 0.0, 0.0, 0.0, 0.0, 0.0, 0.0, 0.0, 0.0, 0.0, 0.0, 0.0, 0.0, 0.0, 0.0, 0.0]}, {"genotype": [-75.33888398826956, -84.70353217908406, -75.61904507010979, 57.92401617305724, -79.03903864047199, -37.09519927168503, 82.09328676876703, -67.24063663390655, -87.8470366496407, -59.701463355389535, 34.79277140380579, 34.63578400600487, 34.514813735484694, -81.61500744983036, 58.287931788599984, -38.10915318207415, 34.524191354992155, -9.55873565723457, 7.158137726422606, -50.177427521673266, 62.502721280688, -47.22052589558185, -5.322506086369975, -60.74665259241029, 9.90046942896841, 73.57215809247157, 73.47862762646453, -56.7598322889815, 63.39943723019215, -85.53379783157024], "fitness": -2825.073353513347, "innovation_in_time": [1.0, 0.0, 0.0, 0.0, 0.0, 0.0, 0.0, 0.0, 0.0, 0.0, 0.0, 0.0, 0.0, 0.0, 0.0, 0.0, 0.0, 0.0, 0.0, 0.0, 0.0, 0.0, 0.0, 0.0, 0.0, 0.0, 0.0, 0.0, 0.0, 0.0, 0.0, 0.0, 0.0, 0.0, 0.0, 0.0, 0.0, 0.0, 0.0, 0.0, 0.0, 0.0, 0.0, 0.0, 0.0, 0.0, 0.0, 0.0, 0.0, 0.0, 0.0]}, {"genotype": [-82.50667915536293, -85.16667586603745, -73.53882429442015, 74.28020179426139, -73.51756390290237, -51.26682548019695, 86.50431056912771, -59.76114211770217, -71.25800302911338, -41.88264375930584, 37.869478980111296, 18.76512601626984, 13.005970802152987, -70.33390281744944, 63.80480735790319, -24.938207270156678, 36.342607432876704, 15.818485167358494, 3.915036615350425, -47.99611535197449, 43.54156082832054, -39.78243534196819, 6.453758829120595, -60.51707597505543, 29.452793550384644, 57.02029178685789, 87.0912539386489, -60.913588019533165, 69.61244591740822, -90.10468858978088], "fitness": -2833.6115758371798, "innovation_in_time": [1.0, 0.0, 0.0, 0.0, 0.0, 0.0, 0.0, 0.0, 0.0, 0.0, 0.0, 0.0, 0.0, 0.0, 0.0, 0.0, 0.0, 0.0, 0.0, 0.0, 0.0, 0.0, 0.0, 0.0, 0.0, 0.0, 0.0, 0.0, 0.0, 0.0, 0.0, 0.0, 0.0, 0.0, 0.0, 0.0, 0.0, 0.0, 0.0, 0.0, 0.0, 0.0, 0.0, 0.0, 0.0, 0.0, 0.0, 0.0, 0.0, 0.0, 0.0]}, {"genotype": [-80.9563409470171, -84.29380759694054, -73.55207114910226, 74.67459596026326, -73.65165518789233, -50.18383178085684, 87.06768180494282, -59.0809341966239, -70.36351696570162, -42.16411624549821, 38.047463734659715, 19.092575340731546, 11.145057396967108, -70.29254488739004, 65.88330375188134, -22.986505214119575, 39.45103829377259, 15.126994985664451, 3.155489696050939, -48.342913488399205, 43.38479875484778, -39.514453807045975, 5.80552703054216, -61.09238494475882, 30.561691272767344, 59.889748308948015, 87.75427511034077, -62.261705142523574, 70.79193373791189, -89.97296376297761],