{"number_of_generations": 499, "hof": [{"genotype": [-57.43686144648418, 10.35017671899823, 24.0435173941516, 34.027394963189806, 32.19451714951453, -38.71265437037502, -70.58394212553834, 30.690243882417423, 11.749183683520169, 80.86590305855319, -57.23687586179456, -2.290939900705768, 0.4974531690081909, 72.68306928672655, 45.92429720157524, 14.735415573447167, -16.882444223306997, 59.24034274037207, -52.509292304991554, -19.362947205048417, -28.843626397788917, 68.84022504094712, 78.1202483210471, 30.66196715996937, -9.350517179277274, 25.657378197309143, -39.661775924972964, -46.378303016929415, 27.641725653246894, 6.0827626455519015], "fitness": -2346.8059544020025, "innovation_in_time": [0.9732630121308755, 0.019098462904816874, 6.633568043420421e-05, 0.0014103388555419352, 5.3911032015330375e-05, 0.0, 0.0048750079789991, 0.0, 0.0, 0.0008939480241822084, 0.0, 0.00026085200665955263, 0.0, 0.0, 0.0, 0.0, 0.0, 0.0, 0.0, 0.0, 0.0, 0.0, 1.23747712390066e-05, 0.0, 6.575661523622775e-05, 0.0, 0.0, 0.0, 0.0, 0.0, 0.0, 0.0, 0.0, 0.0, 0.0, 0.0, 0.0, 0.0, 0.0, 0.0, 0.0, 0.0, 0.0, 0.0, 0.0, 0.0, 0.0, 0.0, 0.0, 0.0, 0.0]}, {"genotype": [-57.33517435305683, 10.574576709338796, 21.664463054213954, 34.6736399952733, 33.37399906995431, -37.42517036294581, -70.51878408657106, 33.14743919237017, 12.440494892268529, 78.92280614145808, -55.874889859460566, -1.1468203329496174, 1.3435622030896601, 71.7816565363543, 46.1272251174977, 16.48632754867484, -17.977483732016566, 59.69324607947562, -51.04044876611325, -21.4853158725836, -27.490242547883085, 66.99631850936183, 76.44455785026535, 31.506524512637625, -10.294784827639937, 26.861581519430267, -38.96756806871879, -44.82022230832783, 24.54422438571853, 8.061549503369958], "fitness": -2347.7237487831044, "innovation_in_time": [0.9771655491523492, 0.01665201609005202, 5.783829636900185e-05, 0.0012296778163341795, 4.7007334275299e-05, 0.0, 0.0042524628835389836, 0.0, 0.0, 0.00045936311751352404, 0.0, 0.00013608530956775688, 0.0, 0.0, 0.0, 0.0, 0.0, 0.0, 0.0, 0.0, 0.0, 0.0, 0.0, 0.0, 0.0, 0.0, 0.0, 0.0, 0.0, 0.0, 0.0, 0.0, 0.0, 0.0, 0.0, 0.0, 0.0, 0.0, 0.0, 0.0, 0.0, 0.0, 0.0, 0.0, 0.0, 0.0, 0.0, 0.0, 0.0, 0.0, 0.0]}, {"genotype": [-57.13418018397243, 10.333546667276071, 21.95912481176379, 34.79107848700716, 32.83792062460307, -37.11430037960737, -70.3166654013451, 33.65576135100634, 12.260361078589856, 79.1889687685925, -55.44169679876307, -1.3931151666646853, 1.133900602030371, 71.00303496630933, 46.27080858094985, 17.081945950317568, -18.62092560606613, 60.631298557912274, -50.62180544439252, -21.413498827201696, -27.601936808741492, 66.40606798448506, 76.14162476326364, 31.647700439980937, -10.184221927490315, 27.223149115158794, -38.86204368176946, -45.2757761096357, 25.11163176132565, 7.862851918623772], "fitness": -2349.400795316503, "innovation_in_time": [0.9678189076660929, 0.02362782664385954, 8.206772754879013e-05, 0.0017448097954959963, 6.670062354423272e-05, 0.0, 0.006034913226044882, 0.0, 0.0, 0.0004819864759933646, 0.0, 0.00014278784142029164, 0.0, 0.0, 0.0, 0.0, 0.0, 0.0, 0.0, 0.0, 0.0, 0.0, 0.0, 0.0, 0.0, 0.0, 0.0, 0.0, 0.0, 0.0, 0.0, 0.0, 0.0, 0.0, 0.0, 0.0, 0.0, 0.0, 0.0, 0.0, 0.0, 0.0, 0.0, 0.0, 0.0, 0.0, 0.0, 0.0, 0.0, 0.0, 0.0]}, {"genotype": [-57.20462898012444, 9.488659469915524, 25.21268180827519, 34.38488734482139, 31.602963313928125, -37.996628385782735, -70.42031977503312, 30.763985984000843, 14.172025380734372, 80.92441453131441, -55.36098716961351, -2.4839912729521174, 0.9985421617868702, 73.02472104358058, 46.007787339663494, 17.916526908053264, -18.202460374918722, 59.26495721625128, -50.876235608572834, -18.895242894293062, -30.851390033544526, 69.16053101704483, 77.07165898741533, 30.729285458299337, -9.743354395125758, 25.106634910147942, -40.668424074525646, -47.00731698497083, 23.084800591602843, 6.871191903276924], "fitness": -2349.6389427387035, "innovation_in_time": [0.9777232457238476, 0.01582441637806873, 5.496377114890033e-05, 0.001168565367881147, 4.46681241059107e-05, 0.0, 0.004038423996990418, 0.0, 0.0, 0.000884071642129532, 0.0, 0.00026164499582775197, 0.0, 0.0, 0.0, 0.0, 0.0, 0.0, 0.0, 0.0, 0.0, 0.0, 0.0, 0.0, 0.0, 0.0, 0.0, 0.0, 0.0, 0.0, 0.0, 0.0, 0.0, 0.0, 0.0, 0.0, 0.0, 0.0, 0.0, 0.0, 0.0, 0.0, 0.0, 0.0, 0.0, 0.0, 0.0, 0.0, 0.0, 0.0, 0.0]}, {"genotype": [-57.71066549149796, 9.496776328752492, 22.89319468371991, 36.31741323708289, 32.82505353843262, -37.53580058606186, -70.37608473573825, 32.84668597740045, 12.059957134701762, 80.15211449502274, -57.51830995193192, -3.156649876378201, 0.7201228667752215, 72.63969377258807, 44.99911226634112, 14.87803574440017, -17.52809524273334, 59.876371135050576, -54.99491026614811, -20.84209440506432, -30.29396110963361, 69.49147601012993, 77.89375949465027, 30.923271192513532, -8.822240609200529, 24.76501464094237, -39.1264216118675, -46.688439027703936, 27.553013279335207, 6.943385484205282], "fitness": -2351.245679118747, "innovation_in_time": [0.9758425915514268, 0.017161551291504255, 5.9608111731930487e-05, 0.001267307065118397, 4.844248352804197e-05, 0.0, 0.00437964874313714, 0.0, 0.0, 0.0009622827425023363, 0.0, 0.0002785680110510342, 0.0, 0.0, 0.0, 0.0, 0.0, 0.0, 0.0, 0.0, 0.0, 0.0, 0.0, 0.0, 0.0, 0.0, 0.0, 0.0, 0.0, 0.0, 0.0, 0.0, 0.0, 0.0, 0.0, 0.0, 0.0, 0.0, 0.0, 0.0, 0.0, 0.0, 0.0, 0.0, 0.0, 0.0, 0.0, 0.0, 0.0, 0.0, 0.0]}, {"genotype": [-55.78940989575182, 11.0765556773986, 24.712000463606753, 35.42470267773218, 32.566024735536764, -38.48213148059053, -70.21453033179922, 30.769777551865765, 10.854730448057053, 79.68662142552458, -55.573258423496334, 0.10282280937023197, 0.3315196479659729, 73.21726895873431, 44.52806702000149, 14.791019424267873, -17.345966685498613, 61.14951577712827, -51.1359714663287, -20.575436964708743, -26.489758573186286, 68.97286449007362, 79.02222800682317, 29.705806820058637, -9.568914511775901, 27.22312203794208, -38.92813788043705, -47.262907975804254, 27.912824202283094, 4.970486419913232], "fitness": -2351.7625790962657, "innovation_in_time": [0.9854485715512847, 0.010731446807387099, 3.727407619276936e-05, 0.0007924693621103566, 3.02948210076854e-05, 0.0, 0.002741233074580491, 0.0, 0.0, 0.0001786514196120793, 0.0, 4.005888782472663e-05, 0.0, 0.0, 0.0, 0.0, 0.0, 0.0, 0.0, 0.0, 0.0, 0.0, 0.0, 0.0, 0.0, 0.0, 0.0, 0.0, 0.0, 0.0, 0.0, 0.0, 0.0, 0.0, 0.0, 0.0, 0.0, 0.0, 0.0, 0.0, 0.0, 0.0, 0.0, 0.0, 0.0, 0.0, 0.0, 0.0, 0.0, 0.0, 0.0]}, {"genotype": [-55.41975812327134, 10.425066309785551, 24.5042697933057, 35.52678331169682, 33.084449136494605, -37.36179532662155, -70.95542337090109, 32.78902800049338, 10.060549809448789, 81.26429240058863, -55.643349479837376, -3.102056284726919, 1.8014234770755961, 70.68527357281518, 45.28738183675936, 16.42165773951408, -17.731052479882443, 58.1585799457779, -55.84400807585867, -18.441756956252124, -31.620544739793726, 67.06921484581216, 77.97203983139782, 27.789871861993333, -7.624872303737401, 25.47245142810179, -38.91720075242783, -47.317483941939486, 23.69283704060565, 7.6592112448672545], "fitness": -2352.0713385718814, "innovation_in_time": [1.0, 0.0, 0.0, 0.0, 0.0, 0.0, 0.0, 0.0, 0.0, 0.0, 0.0, 0.0, 0.0, 0.0, 0.0, 0.0, 0.0, 0.0, 0.0, 0.0, 0.0, 0.0, 0.0, 0.0, 0.0, 0.0, 0.0, 0.0, 0.0, 0.0, 0.0, 0.0, 0.0, 0.0, 0.0, 0.0, 0.0, 0.0, 0.0, 0.0, 0.0, 0.0, 0.0, 0.0, 0.0, 0.0, 0.0, 0.0, 0.0, 0.0, 0.0]}, {"genotype": [-56.01393504584895, 11.577237504778354, 25.844553581153722, 37.26368886648976, 35.32303192185799, -38.13640428559405, -69.54234221397584, 30.978671186758422, 13.257009914221037, 78.8426502452683, -55.514204793177804, -1.1168148618713303, 2.447680861788517, 74.51173167603727, 47.52422215785346, 16.26289476383892, -15.808335104145208, 60.26548269195295, -51.45759207631004, -18.965539133954852, -29.040798018954494, 65.69782128615375, 80.27444641869741, 30.918105416763577, -10.901406366435076, 25.417677970680504, -40.13700136968829, -45.786914980353394, 20.63405820135428, 6.504771023086637], "fitness": -2353.5541537203844,