{"number_of_generations": 499, "hof": [{"genotype": [46.94067540066936, 67.78750337806076, -60.730749234302074, -76.46540496349647, 78.02229330910606, 84.09752417727401, -70.41251995874153, 37.00390306001996, -79.14880145081855, -23.195240625626433, 73.81080193942128, -89.85245517388364, -44.901790430883395, 71.27477643709182, 14.335986930975762, 22.669210655090676, 19.140774439555837, -60.75931823943888, 71.61889078998314, -74.2132170001861, -56.312872698696324, 73.68898035461811, -58.79113745672321, -72.56942473104652, -31.99741697674142, -70.77733973187775, -77.21904904812688, 85.62927124276732, -11.691787885856746, -42.807863228206244], "fitness": -2956.7731046584654, "innovation_in_time": [0.9916081185386394, 0.00839188146136062, 0.0, 0.0, 0.0, 0.0, 0.0, 0.0, 0.0, 0.0, 0.0, 0.0, 0.0, 0.0, 0.0, 0.0, 0.0, 0.0, 0.0, 0.0, 0.0, 0.0, 0.0, 0.0, 0.0, 0.0, 0.0, 0.0, 0.0, 0.0, 0.0, 0.0, 0.0, 0.0, 0.0, 0.0, 0.0, 0.0, 0.0, 0.0, 0.0, 0.0, 0.0, 0.0, 0.0, 0.0, 0.0, 0.0, 0.0, 0.0, 0.0]}, {"genotype": [50.722902782372934, 73.60296037073721, -62.39282710667652, -89.02815283307723, 75.43408849535368, 84.60530300911574, -61.31207061430103, 9.905205091496464, -79.87487248667831, -37.31958671693132, 72.11627675712701, -71.64027704527018, -25.136869797162902, 66.86627711960666, 13.268438375584074, 28.122866402856225, 27.36366650471171, -57.05022445851598, 75.7190401682142, -74.52980642617716, -68.05889462673667, 67.25265586750302, -35.87018026047907, -85.76599339642927, -25.838362263236203, -73.43679794868108, -72.89234266610156, 70.3096283972522, -2.709184800227158, -40.906175519894305], "fitness": -2966.5742171823777, "innovation_in_time": [0.9963733438178035, 0.0036266561821964023, 0.0, 0.0, 0.0, 0.0, 0.0, 0.0, 0.0, 0.0, 0.0, 0.0, 0.0, 0.0, 0.0, 0.0, 0.0, 0.0, 0.0, 0.0, 0.0, 0.0, 0.0, 0.0, 0.0, 0.0, 0.0, 0.0, 0.0, 0.0, 0.0, 0.0, 0.0, 0.0, 0.0, 0.0, 0.0, 0.0, 0.0, 0.0, 0.0, 0.0, 0.0, 0.0, 0.0, 0.0, 0.0, 0.0, 0.0, 0.0, 0.0]}, {"genotype": [50.63073817917435, 73.58041457999452, -62.34043353634567, -89.09367158982245, 75.5006889998478, 84.49914379589575, -61.06333608096113, 10.175565974080488, -79.66971329853745, -37.47198669275873, 72.09384798250143, -71.46244604631143, -25.18710351542447, 66.8969274081332, 13.119037958897117, 28.208623012873428, 27.48411007275613, -57.29532327836604, 75.69691489519946, -74.76687578000129, -68.36743680961638, 67.65921927498202, -35.98859476035595, -85.51616531371545, -26.16242324747204, -73.3590465249863, -72.84021548299245, 70.17793914991438, -2.8039894906280125, -40.95121767991625], "fitness": -2966.9912463828896, "innovation_in_time": [0.9963451963360416, 0.003654803663958414, 0.0, 0.0, 0.0, 0.0, 0.0, 0.0, 0.0, 0.0, 0.0, 0.0, 0.0, 0.0, 0.0, 0.0, 0.0, 0.0, 0.0, 0.0, 0.0, 0.0, 0.0, 0.0, 0.0, 0.0, 0.0, 0.0, 0.0, 0.0, 0.0, 0.0, 0.0, 0.0, 0.0, 0.0, 0.0, 0.0, 0.0, 0.0, 0.0, 0.0, 0.0, 0.0, 0.0, 0.0, 0.0, 0.0, 0.0, 0.0, 0.0]}, {"genotype": [44.924721090262956, 82.38401399167033, -52.254503385342886, -89.54872486590716, 72.62669153869446, 81.76595577846604, -50.33201117979955, 53.469499333505844, -77.98287736908968, -37.95982621319091, 73.22116135804274, -91.63909751475498, -47.8758674555487, 69.07719179222929, 37.3679310722062, 13.573817597204481, 5.429824157287451, -45.62615456190428, 69.10960839727635, -75.59276987709269, -74.97199591710704, 79.19163386493275, -51.82156610358302, -92.09734359199399, -24.914194687426505, -62.82811671227721, -91.01822824665406, 73.13504053102656, -23.681721059434565, -42.5267072894981], "fitness": -2975.1489720231416, "innovation_in_time": [0.9881663689237485, 0.011833631076251374, 0.0, 0.0, 0.0, 0.0, 0.0, 0.0, 0.0, 0.0, 0.0, 0.0, 0.0, 0.0, 0.0, 0.0, 0.0, 0.0, 0.0, 0.0, 0.0, 0.0, 0.0, 0.0, 0.0, 0.0, 0.0, 0.0, 0.0, 0.0, 0.0, 0.0, 0.0, 0.0, 0.0, 0.0, 0.0, 0.0, 0.0, 0.0, 0.0, 0.0, 0.0, 0.0, 0.0, 0.0, 0.0, 0.0, 0.0, 0.0, 0.0]}, {"genotype": [54.37965672918135, 76.70879698564306, -77.79802091463077, -74.16217215085568, 73.20810737872387, 62.70226354440749, -59.527794545700466, 33.729348815774216, -74.4353936468093, -44.43955812735544, 85.96879630362925, -68.21728322723865, -34.27805369219255, 66.7076758980719, 31.56350552540622, -2.574033263590822, 27.67481147466345, -51.145534089573246, 72.72210289559285, -68.75559549941076, -75.61499513465911, 86.1686674228621, -52.25913481597283, -86.63543890646186, -27.57482888838755, -80.36828556427746, -75.66824117380894, 76.37613691687216, -2.652249917146321, -16.050994988044984], "fitness": -2977.8270829565877, "innovation_in_time": [0.998881775896536, 0.0011182241034640161, 0.0, 0.0, 0.0, 0.0, 0.0, 0.0, 0.0, 0.0, 0.0, 0.0, 0.0, 0.0, 0.0, 0.0, 0.0, 0.0, 0.0, 0.0, 0.0, 0.0, 0.0, 0.0, 0.0, 0.0, 0.0, 0.0, 0.0, 0.0, 0.0, 0.0, 0.0, 0.0, 0.0, 0.0, 0.0, 0.0, 0.0, 0.0, 0.0, 0.0, 0.0, 0.0, 0.0, 0.0, 0.0, 0.0, 0.0, 0.0, 0.0]}, {"genotype": [63.441173079598244, 85.34118534022599, -49.70188347240723, -77.47380153572826, 69.81139939610922, 69.37284629112177, -54.45023203604323, 49.79919835111489, -83.70877609734335, -51.71590015101499, 81.87637635868226, -70.8117534256026, -42.99685195921702, 65.77114876444973, 21.333159423605103, 4.084949074450984, 8.005794328566953, -58.47450813531468, 64.6545521258081, -77.76495978254816, -65.08329421857613, 62.920838496318986, -53.380271603143285, -78.74737285899084, -33.61811496273493, -72.3899210448615, -81.649816509903, 67.23989784778897, -1.0842225122612295, -33.26079722220857], "fitness": -2999.9497536494396, "innovation_in_time": [0.9607325548611643, 0.03926744513883575, 0.0, 0.0, 0.0, 0.0, 0.0, 0.0, 0.0, 0.0, 0.0, 0.0, 0.0, 0.0, 0.0, 0.0, 0.0, 0.0, 0.0, 0.0, 0.0, 0.0, 0.0, 0.0, 0.0, 0.0, 0.0, 0.0, 0.0, 0.0, 0.0, 0.0, 0.0, 0.0, 0.0, 0.0, 0.0, 0.0, 0.0, 0.0, 0.0, 0.0, 0.0, 0.0, 0.0, 0.0, 0.0, 0.0, 0.0, 0.0, 0.0]}, {"genotype": [42.21383428759646, 64.76647908536965, -63.546666096898825, -63.74245314614167, 87.02933429979313, 60.59994643918223, -56.765927295726065, 37.655852927746764, -77.31949852957655, -18.13986899465448, 60.32614561273277, -92.75904237924405, -56.95581812325706, 74.39262689416549, 29.47166975859052, -1.1035176563919489, 44.07051140785616, -44.57644762468821, 51.36205434084162, -81.9309292772297, -54.95525799512875, 77.88984839971731, -44.485490760764726, -89.21799309653814, -2.3863482588751705, -87.37936915070995, -90.33875130932985, 67.08885522470221, -8.56737268657617, -27.623594544601072], "fitness": -3002.896994847463, "innovation_in_time": [1.0, 0.0, 0.0, 0.0, 0.0, 0.0, 0.0, 0.0, 0.0, 0.0, 0.0, 0.0, 0.0, 0.0, 0.0, 0.0, 0.0, 0.0, 0.0, 0.0, 0.0, 0.0, 0.0, 0.0, 0.0, 0.0, 0.0, 0.0, 0.0, 0.0, 0.0, 0.0, 0.0, 0.0, 0.0, 0.0, 0.0, 0.0, 0.0, 0.0, 0.0, 0.0, 0.0, 0.0, 0.0, 0.0, 0.0, 0.0, 0.0, 0.0, 0.0]}, {"genotype": [54.78593155821283, 81.13842660361891, -63.52593438573417, -62.80852908529714, 79.57780676449627, 66.58653109297721, -59.3370098402563, 51.658825507513725, -74.34375602333078, -56.29940491680973, 78.48849327713343, -79.88138060173668, -33.66723205508907, 75.37024729262468, 10.964695120377996, -13.739054275664152, 35.08661727445417, -58.09284551804248, 72.2602152553502, -72.40596330127512, -41.18575414215883, 58.51208174085194, -75.9410425359015, -80.186552106161, -31.12141388291555, -86.5783797858837, -62.18303722093, 72.41774529027279, -14.42364521886249, -63.03402836531848], "fitness": -3009.5408378292295,