{"number_of_generations": 79, "hof": [{"genotype": [-50.16851255060577, 20.477871743270327, -46.19982552110745, 79.3797114258573, -49.29404199716073, 7.5214817249526265, 32.178608256650634, -25.708082556154167, -15.063727746626986, -36.70352666322677, 56.62523393105291, 86.33561143709066, -31.559461139905647, -49.6035871956108, 2.799349044242442, -23.96688296606638, 13.479961808655805, -6.208280803810297, -15.252616273954095, -67.03636556741355, -22.853053749845504, 42.36165480677869, 9.307881260396003, 8.450173777909038, 24.426996957804704, 89.761161444481, 22.501722805567933, -32.13679926208246, -73.49596530591664, -29.404066719473963], "fitness": -3337.202736329489, "innovation_in_time": [0.9959747788529068, 0.004016420103904893, 8.801043188390485e-06, 0.0, 0.0, 0.0, 0.0, 0.0, 0.0]}, {"genotype": [-51.221422746750264, 22.725242669913122, -45.71277856310305, 80.63763149741712, -49.50342329049104, 7.754834478862961, 30.919600249767317, -23.819746256675142, -15.479012833925776, -34.7289495580649, 58.86565767512718, 86.68386528525669, -32.61811587503174, -55.01534268831782, 0.8063774038762066, -23.575194989429125, 13.669277664822326, -8.36318637636785, -15.178655120624214, -68.97269746211862, -24.064882446755938, 41.624769686165486, 10.909231830231146, 6.7183492228421215, 25.903377759976635, 89.31719032910931, 22.72581063091744, -33.29233491505346, -73.01118667814154, -28.780930979691906], "fitness": -3342.858980854061, "innovation_in_time": [0.9976809985761925, 0.002312107310012747, 6.89411379480552e-06, 0.0, 0.0, 0.0, 0.0, 0.0, 0.0]}, {"genotype": [-52.1032885495078, 22.330985739378455, -47.02341591895314, 81.41551207568114, -49.79559660225463, 9.326097586298635, 31.195462681058423, -23.88019131752656, -16.264331816477508, -34.98151666208009, 58.17869564227422, 86.41687930097207, -30.69065927240618, -55.40359694911372, 1.0103480663166047, -23.80617272594521, 13.587692234220654, -11.027008892879222, -15.37412196636217, -71.43895042650686, -23.331659847687845, 40.48902587736231, 12.593683933437449, 6.2227974663959635, 25.765782705817085, 90.00112835158748, 23.40683326530214, -32.59814325260541, -73.48093028091358, -28.702471807574398], "fitness": -3343.106311282544, "innovation_in_time": [0.9953696951423244, 0.004616665674617354, 1.3639183058227616e-05, 0.0, 0.0, 0.0, 0.0, 0.0, 0.0]}, {"genotype": [-39.70401643260276, 13.753639307771905, -54.92330136603085, 71.39460298057547, -41.593216732777904, 13.701187983224733, 39.511841919641064, -38.34700188296339, -7.857578059821883, -45.081569643461826, 40.81330395806445, 75.94708006713942, -21.520908891249054, 14.178918619111485, 7.057978515095907, -9.268535504963346, 10.492145214963813, 26.9485827828749, -18.852534879648164, -58.96561915132971, 0.2039102220719755, 47.450843822052626, -7.289858138503983, 20.960865870893564, 10.237715352442674, 90.66140568975906, 12.954860142484927, -31.01506154809476, -84.18834387273908, -46.504501220618266], "fitness": -3347.0870316129276, "innovation_in_time": [0.9954746218281798, 0.0045253781718201935, 0.0, 0.0, 0.0, 0.0, 0.0, 0.0, 0.0]}, {"genotype": [-42.09365597479542, 9.62157613226029, -58.93765199736684, 74.2093985043829, -43.73136900872214, 16.906048308339322, 40.26568615991795, -44.3000869006423, -11.81098482495966, -39.85454457015352, 35.97036438148618, 77.97942631854097, -17.75333833098706, 10.043152688748188, 7.624166331368044, -8.15886555484454, 5.765631843617456, 25.012343755846153, -20.602102731030406, -63.24707227772091, -4.991787586531213, 47.91928606972852, -3.7494939952071644, 22.047526851545996, 8.000276647405572, 85.57899519140301, 11.42299819155885, -28.244646331736636, -88.1901641485759, -49.53516815111792], "fitness": -3350.1798727421356, "innovation_in_time": [1.0, 0.0, 0.0, 0.0, 0.0, 0.0, 0.0, 0.0, 0.0]}, {"genotype": [-46.988024168886255, 22.20899797176046, -33.954932702063665, 82.51124357307144, -46.12058187541863, 0.4285883214948889, 31.020991304005136, -25.430226584256896, -6.9547803533522545, -35.147179533303806, 65.12285084647732, 86.0939251993673, -50.27082172726278, -17.07179116426235, -8.985389660571354, -26.25521794987149, 10.281826662187775, 11.083133066572529, -26.135721936172892, -51.34027009921385, -28.386626216440824, 34.65165543525773, -9.014519722268519, 19.56230308688449, 22.634844489402166, 90.27097714037691, 15.542468322352345, -43.565308148442064, -66.81000591222728, -36.035134748800125], "fitness": -3356.34569452948, "innovation_in_time": [0.9952441430647899, 0.004753254573651881, 2.6023615582460025e-06, 0.0, 0.0, 0.0, 0.0, 0.0, 0.0]}, {"genotype": [-39.89903573654851, 33.546533644979064, -32.602266223110014, 82.28783172504313, -42.55974487060216, -12.4611521461153, 26.18854002651198, -21.772429964771852, -9.077120491323013, -30.894088183021697, 66.24182187345407, 81.27387580374752, -53.36184046278704, -10.913592854589945, -10.981920992342726, -25.714522916235946, 12.53370896756669, 29.579613415291842, -29.015466810792667, -51.853241661554726, -29.924471023396062, 40.407100272983485, -24.976422176677808, 17.212808070347013, 8.555420451131052, 90.34024339373153, 7.5162347053712, -41.191232043489876, -64.18506538391597, -40.32837240921069], "fitness": -3362.4687726598327, "innovation_in_time": [0.9895995073882684, 0.010394860767171159, 5.631844560483046e-06, 0.0, 0.0, 0.0, 0.0, 0.0, 0.0]}, {"genotype": [-38.69307914046824, 32.73946218188891, -33.0722102419219, 83.03183144167946, -43.740738928266644, -12.829324615622962, 25.36839864681904, -22.412679390706614, -10.040834225432675, -30.291370471431357, 67.65900304176857, 79.67481148277598, -55.24837761679531, -12.91185200311311, -12.862721488259908, -26.787662013475764, 12.161984012255413, 29.572554013365462, -30.81380006032051, -51.10545557165243, -31.228993667878136, 42.418426121280774, -25.220933851346153, 16.90276089620724, 9.001064809921575, 90.12958449482745, 7.783855964319113, -42.00975789107908, -63.21311495210634, -41.16798729718148], "fitness": -3366.31205794159, "innovation_in_time": [0.9898677354182964, 0.010126739551528013, 5.525030175590473e-06, 0.0, 0.0, 0.0, 0.0, 0.0, 0.0]}, {"genotype": [-38.79056909542571, 39.55285603646141, -35.98556681738142, 83.552728924171, -44.663983480755185, -12.038894055551639, 29.281197995069558, -20.043162774898292, -9.402509288023788, -27.46852196665173, 66.63461402064476, 80.30792193229499, -51.35463934656168, -8.17398608886683, -15.003961038953264, -26.602408668112076, 10.692021566721444, 31.380196945495637, -31.81762751887912, -54.28817997712509, -26.6534696574397, 33.93189006348097, -25.50745818983371, 16.239239613640915, 13.798968951855361, 89.62377712978008, 4.440140915908332, -45.011127394819475, -63.9524804889476, -43.80198209101805], "fitness": -3368.2250452169674, "innovation_in_time": [0.9886213418654144, 0.01137255732836806, 6.100806217546051e-06, 0.0, 0.0, 0.0, 0.0, 0.0, 0.0]}, {"genotype": [-36.919624287071635, 42.13610030971117, -41.957695938548206, 81.71324567664249, -44.77224341481924, -7.8764801151823525, 42.16190368281969, -13.71799886222387, -12.029815103776718, -32.892940660821026, 57.6166827806916, 83.21380757199736, -28.28260681229043, 5.003064627414856, -16.13384344307373, -25.868852288166742, 8.273384218005113, 35.08610482186842, -28.910708591825227, -65.69866214683974, -12.063649827818084, 18.337800741549387, -25.907192019702364, 17.482552636373118, 28.48145611193424, 90.26138034997109, 0.9848137439498825, -48.53030879483235, -72.06031130250436, -57.47859860581107], "fitness": -3374.473892948904, "innovation_in_time": [0.9964817848398075, 0.0035164606014399524, 1.7545587525091833e-06, 0.0, 0.0, 0.0, 0.0, 0.0, 0.0]}]}