{"number_of_generations": 499, "hof": [{"genotype": [22.249259234716117, 14.580783707232971, -16.062411893457767, -9.572733786033274, -35.07314561427558, 35.20957036800593, 13.263122555355864, 6.297250909409064, 29.67587277627835, -2.881311362034455, 85.6659215474456, 32.86180513463545, 74.65883239956769, 26.417676164104527, 83.93801742689291, -72.52503093578039, -5.306540268173945, 3.076233328677321, -43.58464550578718, 17.876147732008317, 67.67627705230667, 38.849249616099456, -73.7414777443649, -4.564077657588931, 17.937046111889313, 85.67606939075245, -27.902056025463743, 21.285664903383903, -42.24948276592895, 80.02573223700043], "fitness": -2903.855412263022, "innovation_in_time": [0.999972193786289, 2.78062137109724e-05, 0.0, 0.0, 0.0, 0.0, 0.0, 0.0, 0.0, 0.0, 0.0, 0.0, 0.0, 0.0, 0.0, 0.0, 0.0, 0.0, 0.0, 0.0, 0.0, 0.0, 0.0, 0.0, 0.0, 0.0, 0.0, 0.0, 0.0, 0.0, 0.0, 0.0, 0.0, 0.0, 0.0, 0.0, 0.0, 0.0, 0.0, 0.0, 0.0, 0.0, 0.0, 0.0, 0.0, 0.0, 0.0, 0.0, 0.0, 0.0, 0.0]}, {"genotype": [22.26100388719958, 14.506555080482583, -16.003874228562605, -9.588093327619914, -34.99386642418046, 35.14156006560859, 13.251469210616737, 6.2355567161094765, 29.62115337800975, -2.9611914417793965, 85.64778265574238, 32.948825231059885, 74.76020172087716, 26.415866103770433, 83.9084532075798, -72.47219132531072, -5.263694341106714, 3.0357675902385055, -43.6414075658619, 17.903136518295042, 67.60559065723679, 38.971347284181384, -73.6291153464637, -4.5026305718071065, 18.01422823821577, 85.70788865559261, -27.93791062164724, 21.22253220617643, -42.29328479507979, 80.06262489816181], "fitness": -2903.8761734741674, "innovation_in_time": [0.9999684637667465, 3.1536233253443244e-05, 0.0, 0.0, 0.0, 0.0, 0.0, 0.0, 0.0, 0.0, 0.0, 0.0, 0.0, 0.0, 0.0, 0.0, 0.0, 0.0, 0.0, 0.0, 0.0, 0.0, 0.0, 0.0, 0.0, 0.0, 0.0, 0.0, 0.0, 0.0, 0.0, 0.0, 0.0, 0.0, 0.0, 0.0, 0.0, 0.0, 0.0, 0.0, 0.0, 0.0, 0.0, 0.0, 0.0, 0.0, 0.0, 0.0, 0.0, 0.0, 0.0]}, {"genotype": [22.894357740984105, 15.325791901430957, -15.637094384131121, -8.683201762227256, -35.988344538936325, 34.991242812489766, 13.16284887943848, 5.20812385193854, 29.715733006086708, -3.293326719606489, 83.6534461492157, 32.464621974640764, 75.04829850298778, 28.163651081223023, 83.80029088213165, -73.39203839652895, -7.046634475314674, 2.72727492373835, -43.71543512310625, 19.229125777529305, 69.39262916152218, 38.61802505302716, -73.75790005520668, -4.694140994089703, 18.651034513305156, 85.58885534302128, -26.272707584808145, 22.8448591679345, -43.2644954094003, 80.8112636903791], "fitness": -2904.2389248263808, "innovation_in_time": [0.9999676317105047, 3.236828949531017e-05, 0.0, 0.0, 0.0, 0.0, 0.0, 0.0, 0.0, 0.0, 0.0, 0.0, 0.0, 0.0, 0.0, 0.0, 0.0, 0.0, 0.0, 0.0, 0.0, 0.0, 0.0, 0.0, 0.0, 0.0, 0.0, 0.0, 0.0, 0.0, 0.0, 0.0, 0.0, 0.0, 0.0, 0.0, 0.0, 0.0, 0.0, 0.0, 0.0, 0.0, 0.0, 0.0, 0.0, 0.0, 0.0, 0.0, 0.0, 0.0, 0.0]}, {"genotype": [23.837590681566653, 14.265728855756135, -16.265197686890684, -5.961507425616384, -34.135685796779086, 34.551802361312454, 13.85425148355388, 3.810645553493515, 31.025734271145677, -8.37043523850229, 86.9321599234527, 33.0646809513815, 72.22812995821396, 27.548251275961913, 84.46005055095172, -72.17299179709873, -2.7128041389471003, 6.744143133434299, -40.705869483848225, 18.355888001042082, 69.1776457086033, 43.549940125583234, -71.04749535191824, -8.627474323400737, 19.042989532021007, 85.36985834487005, -29.147533722890206, 26.259533944616976, -45.957181036035536, 77.74158727779135], "fitness": -2905.3442431324856, "innovation_in_time": [0.9999955564932895, 4.443506710489707e-06, 0.0, 0.0, 0.0, 0.0, 0.0, 0.0, 0.0, 0.0, 0.0, 0.0, 0.0, 0.0, 0.0, 0.0, 0.0, 0.0, 0.0, 0.0, 0.0, 0.0, 0.0, 0.0, 0.0, 0.0, 0.0, 0.0, 0.0, 0.0, 0.0, 0.0, 0.0, 0.0, 0.0, 0.0, 0.0, 0.0, 0.0, 0.0, 0.0, 0.0, 0.0, 0.0, 0.0, 0.0, 0.0, 0.0, 0.0, 0.0, 0.0]}, {"genotype": [24.147449480990225, 16.140122148704492, -15.564237528934717, -5.952999234921256, -32.686205873071486, 33.91096356451986, 14.705051666016203, 7.28471206811725, 28.946398979982852, -6.533885884795649, 85.33906930938109, 32.4346062719146, 70.7311625747212, 26.440559075090658, 82.1720436785198, -74.13730843617705, -8.021312579715465, 2.7916501068043167, -42.458398244591855, 15.481350301419173, 70.6972084046392, 41.49106306629973, -74.35870104134155, -5.3176369609525365, 20.99430815061982, 85.20272045516066, -25.492036605627668, 22.404889643686793, -42.68405376926062, 79.06149062403348], "fitness": -2906.6698183098665, "innovation_in_time": [0.9998968367322878, 0.00010316326771227386, 0.0, 0.0, 0.0, 0.0, 0.0, 0.0, 0.0, 0.0, 0.0, 0.0, 0.0, 0.0, 0.0, 0.0, 0.0, 0.0, 0.0, 0.0, 0.0, 0.0, 0.0, 0.0, 0.0, 0.0, 0.0, 0.0, 0.0, 0.0, 0.0, 0.0, 0.0, 0.0, 0.0, 0.0, 0.0, 0.0, 0.0, 0.0, 0.0, 0.0, 0.0, 0.0, 0.0, 0.0, 0.0, 0.0, 0.0, 0.0, 0.0]}, {"genotype": [24.159889232872157, 16.208765560676362, -15.349523992796291, -6.00612063913282, -32.90781835980498, 34.20074010196345, 15.101427979294593, 7.768631067337283, 28.873764508781797, -6.042154692785212, 85.41150096040369, 32.303336416375195, 70.71413395166748, 26.115394751804097, 82.51762009501897, -74.01465764538852, -8.323703208013722, 2.6549455484033566, -42.39547851638305, 15.023557521936427, 71.23047175466984, 41.57066283315744, -74.3720020680341, -5.21234939639262, 21.12996492251495, 85.21449310356071, -25.668050685940223, 21.97564604507617, -42.72535521552, 79.03879082242118], "fitness": -2906.6997333722234, "innovation_in_time": [0.9998452832521636, 0.0001547167478364458, 0.0, 0.0, 0.0, 0.0, 0.0, 0.0, 0.0, 0.0, 0.0, 0.0, 0.0, 0.0, 0.0, 0.0, 0.0, 0.0, 0.0, 0.0, 0.0, 0.0, 0.0, 0.0, 0.0, 0.0, 0.0, 0.0, 0.0, 0.0, 0.0, 0.0, 0.0, 0.0, 0.0, 0.0, 0.0, 0.0, 0.0, 0.0, 0.0, 0.0, 0.0, 0.0, 0.0, 0.0, 0.0, 0.0, 0.0, 0.0, 0.0]}, {"genotype": [21.827539216239916, 17.434200290811088, -14.349119449380318, -12.729629666532457, -32.83304279732196, 35.660902742157575, 11.95268505910783, 9.887376276758017, 27.977422355083593, -3.9908379119691384, 81.15764630575926, 31.571313841458316, 68.86432486295159, 26.929485522788582, 81.74067595744857, -69.68614041214238, -9.441826322970366, 4.14851102553559, -43.23655348402907, 22.306449730341868, 71.85931852149207, 40.38821587581004, -72.11642334320577, -6.088627761807941, 19.14840098636806, 87.8997394874316, -27.460598568817804, 19.96809707394661, -45.05133571280727, 79.21602248559589], "fitness": -2906.9165860747794, "innovation_in_time": [0.9995911746614692, 0.00040882533853079696, 0.0, 0.0, 0.0, 0.0, 0.0, 0.0, 0.0, 0.0, 0.0, 0.0, 0.0, 0.0, 0.0, 0.0, 0.0, 0.0, 0.0, 0.0, 0.0, 0.0, 0.0, 0.0, 0.0, 0.0, 0.0, 0.0, 0.0, 0.0, 0.0, 0.0, 0.0, 0.0, 0.0, 0.0, 0.0, 0.0, 0.0, 0.0, 0.0, 0.0, 0.0, 0.0, 0.0, 0.0, 0.0, 0.0, 0.0, 0.0, 0.0]}, {"genotype": [21.899429459969564, 17.40989169900371, -14.168503111421309, -13.070431015163043, -32.27764461892717, 35.95754895812626, 12.064648712646353, 10.805280365814953, 27.7785236282943, -3.9489824446013313, 80.92659452500374, 30.993508613923893, 67.68276394770923, 26.657544013186207, 81.55899886983065, -69.44429830685564, -9.682075451544206, 4.169540927439991, -42.920394932053796, 21.843452020207753, 71.92773964089955, 40.281917054485575, -72.11445692861761, -6.160383543936235, 18.616242891761573, 87.82918404952365, -27.882792648792314, 19.276384685690687, -45.607163724742165, 78.81112344014302], "fitness": -2907.864691480442,