{"number_of_generations": 499, "hof": [{"genotype": [62.64664004765439, 60.99994719959247, -86.47355223504564, 75.45425388513978, 4.36620159082549, -96.32450345509962, 80.5305736744052, 94.12414788264856, -6.741414641378821, 78.73897955535726, -34.11972987163166, 91.14977269715637, 91.00776691813111, -95.60903703218605, -87.93231914885288, 85.87568801435278, 57.58800947632369, -77.32806990968676, -66.62219905646766, -93.95296085157408, 92.77154756703774, 69.76690043824976, -88.68050341521997, -31.775347144698735, 94.76417471847287, 59.108676625890624, -39.58522963195165, 95.31181927595944, 70.66468925044433, 63.9999411007956], "fitness": -3234.774687794444, "innovation_in_time": [0.999925962803045, 0.0, 0.0, 0.0, 0.0, 0.0, 0.0, 0.0, 0.0, 0.0, 0.0, 0.0, 0.0, 0.0, 0.0, 0.0, 0.0, 0.0, 0.0, 0.0, 0.0, 0.0, 0.0, 0.0, 0.0, 0.0, 0.0, 0.0, 0.0, 0.0, 0.0, 0.0, 0.0, 0.0, 0.0, 0.0, 0.0, 0.0, 0.0, 0.0, 0.0, 0.0, 7.403719695496378e-05, 0.0, 0.0, 0.0, 0.0, 0.0, 0.0, 0.0, 0.0]}, {"genotype": [-78.04975092812177, 21.964070427537134, -91.22950081288263, 83.43737564613077, 15.034371665354906, -89.79696834537076, 80.29589674686996, 86.87744370672176, 63.21777358807037, 85.3863895365156, 42.144690750500054, 89.18458376045308, 89.64535442643717, -85.87031842273625, -72.5415044237838, 82.15830296387446, 77.1847805032475, 58.988056725157605, -53.39461664525145, -83.24552680839567, 88.98229355465395, 66.72374629435116, -70.1863636857577, -83.90696261542944, 78.10659799450048, -89.65353811913195, -39.99460592519618, 91.94794455883614, 64.39985663526377, 67.83451275537868], "fitness": -3234.907655662519, "innovation_in_time": [1.0, 0.0, 0.0, 0.0, 0.0, 0.0, 0.0, 0.0, 0.0, 0.0, 0.0, 0.0, 0.0, 0.0, 0.0, 0.0, 0.0, 0.0, 0.0, 0.0, 0.0, 0.0, 0.0, 0.0, 0.0, 0.0, 0.0, 0.0, 0.0, 0.0, 0.0, 0.0, 0.0, 0.0, 0.0, 0.0, 0.0, 0.0, 0.0, 0.0, 0.0, 0.0, 0.0, 0.0, 0.0, 0.0, 0.0, 0.0, 0.0, 0.0, 0.0]}, {"genotype": [-70.3464669418772, 41.34675920570873, -88.72256538380732, 81.77056628865077, 10.400384228060844, -92.29776015352007, 87.69522324461322, 85.5385766588063, 64.17379828261863, 82.66083358537031, 40.81408954105871, 87.91768383004619, 93.54137866561793, -87.60209559087122, -71.25411318626892, 81.35365738219829, 75.6163652206132, 59.45393980854282, -55.36631995780587, -82.08950193585476, 87.05267682864005, 66.19225690302352, -73.56269288698604, -81.48602311032849, 80.59417650733937, -91.13220382115217, -39.131711946605336, 95.71145166443233, 68.86499735005219, 65.70047122455149], "fitness": -3236.4256528354017, "innovation_in_time": [1.0, 0.0, 0.0, 0.0, 0.0, 0.0, 0.0, 0.0, 0.0, 0.0, 0.0, 0.0, 0.0, 0.0, 0.0, 0.0, 0.0, 0.0, 0.0, 0.0, 0.0, 0.0, 0.0, 0.0, 0.0, 0.0, 0.0, 0.0, 0.0, 0.0, 0.0, 0.0, 0.0, 0.0, 0.0, 0.0, 0.0, 0.0, 0.0, 0.0, 0.0, 0.0, 0.0, 0.0, 0.0, 0.0, 0.0, 0.0, 0.0, 0.0, 0.0]}, {"genotype": [-70.52488175713833, 41.49409489268981, -88.62934277226934, 81.83088662161244, 10.461048868394759, -92.44241064844043, 87.97384997257056, 85.32790415206027, 64.40637847009162, 82.62822972390973, 40.55384100660903, 88.16590969254413, 93.54095349293266, -87.6105095249242, -70.89295126463064, 81.08842396402449, 75.32968352460335, 59.83732403033698, -55.446193044594516, -82.14781979744285, 86.89267964814884, 66.17079425344694, -73.3962380162652, -81.6052253293128, 80.93368703310938, -91.26376029684211, -39.000722685246046, 95.70683245277436, 68.8196586230727, 65.45124034669512], "fitness": -3236.9083910042364, "innovation_in_time": [1.0, 0.0, 0.0, 0.0, 0.0, 0.0, 0.0, 0.0, 0.0, 0.0, 0.0, 0.0, 0.0, 0.0, 0.0, 0.0, 0.0, 0.0, 0.0, 0.0, 0.0, 0.0, 0.0, 0.0, 0.0, 0.0, 0.0, 0.0, 0.0, 0.0, 0.0, 0.0, 0.0, 0.0, 0.0, 0.0, 0.0, 0.0, 0.0, 0.0, 0.0, 0.0, 0.0, 0.0, 0.0, 0.0, 0.0, 0.0, 0.0, 0.0, 0.0]}, {"genotype": [-70.51400658645763, 41.500560710711326, -88.66033532899777, 81.83001044164467, 10.483340391814634, -92.41625358021658, 87.94816791545075, 85.30360965158911, 64.43209507382639, 82.64815167752343, 40.582502580964444, 88.20326049036171, 93.53708441026231, -87.59640110610049, -70.86205186529442, 81.17013777278687, 75.41312919211641, 59.819189878407045, -55.447827342641524, -82.17578636897406, 86.89415108009935, 66.18469019667243, -73.37492374127459, -81.6439204170846, 80.95631676531853, -91.24819885535703, -38.9971708341866, 95.7138907102233, 68.86360646078155, 65.42311808562881], "fitness": -3236.969537776403, "innovation_in_time": [1.0, 0.0, 0.0, 0.0, 0.0, 0.0, 0.0, 0.0, 0.0, 0.0, 0.0, 0.0, 0.0, 0.0, 0.0, 0.0, 0.0, 0.0, 0.0, 0.0, 0.0, 0.0, 0.0, 0.0, 0.0, 0.0, 0.0, 0.0, 0.0, 0.0, 0.0, 0.0, 0.0, 0.0, 0.0, 0.0, 0.0, 0.0, 0.0, 0.0, 0.0, 0.0, 0.0, 0.0, 0.0, 0.0, 0.0, 0.0, 0.0, 0.0, 0.0]}, {"genotype": [-70.51465640503002, 41.510094941032804, -88.66238915432646, 81.82831365499874, 10.483229433858755, -92.41916537693129, 87.94643628690085, 85.30471286348919, 64.43853278194065, 82.64637766196405, 40.57790868241326, 88.20394643152244, 93.53816255995646, -87.59742560294188, -70.86055570494034, 81.16590745787376, 75.41659219751557, 59.818608272288735, -55.44711474968839, -82.17605527448059, 86.88949286594423, 66.18341080915847, -73.37835408470814, -81.64079210821035, 80.95904791965954, -91.24668644348165, -39.00239387694684, 95.71661995596217, 68.86355017043151, 65.42435456708803], "fitness": -3236.9730510837544, "innovation_in_time": [1.0, 0.0, 0.0, 0.0, 0.0, 0.0, 0.0, 0.0, 0.0, 0.0, 0.0, 0.0, 0.0, 0.0, 0.0, 0.0, 0.0, 0.0, 0.0, 0.0, 0.0, 0.0, 0.0, 0.0, 0.0, 0.0, 0.0, 0.0, 0.0, 0.0, 0.0, 0.0, 0.0, 0.0, 0.0, 0.0, 0.0, 0.0, 0.0, 0.0, 0.0, 0.0, 0.0, 0.0, 0.0, 0.0, 0.0, 0.0, 0.0, 0.0, 0.0]}, {"genotype": [-89.849588013061, -0.7793788399108852, -88.91912913804124, 80.1572437516905, 6.486544422509512, -97.54882336920045, 80.16949063493584, 96.03239688037007, 69.03900490058804, 83.65265813314869, 46.84179759320176, 96.5524814174876, 97.45497552762387, -93.2236111887352, -79.28622169705608, 94.22133346976838, 73.00723034905808, 45.44774078200941, -61.319079099985174, -72.75589416988402, 95.48652643716682, 62.99708293357651, -80.13423907279586, -92.4298546279304, 74.44618719112252, -92.68657827259925, -42.13252446483158, 87.1321561408726, 60.341690020198534, 66.73908523469856], "fitness": -3237.7958497868185, "innovation_in_time": [1.0, 0.0, 0.0, 0.0, 0.0, 0.0, 0.0, 0.0, 0.0, 0.0, 0.0, 0.0, 0.0, 0.0, 0.0, 0.0, 0.0, 0.0, 0.0, 0.0, 0.0, 0.0, 0.0, 0.0, 0.0, 0.0, 0.0, 0.0, 0.0, 0.0, 0.0, 0.0, 0.0, 0.0, 0.0, 0.0, 0.0, 0.0, 0.0, 0.0, 0.0, 0.0, 0.0, 0.0, 0.0, 0.0, 0.0, 0.0, 0.0, 0.0, 0.0]}, {"genotype": [-89.85458517533432, -0.868029996062853, -88.88613233242204, 80.08838668261427, 6.528589801355981, -97.60777423423455, 80.07643112915841, 96.00926110269072, 69.13546528276221, 83.7657187925961, 46.833933349643694, 96.61787675992524, 97.47006441864151, -93.24586826450435, -79.30191558805862, 94.27819156901776, 72.92742177394923, 45.50226121780296, -61.40619075643254, -72.72907838488969, 95.47393613044568, 62.971913687168836, -80.20074462192542, -92.45532301680119, 74.4635270541481, -92.69738921926216, -42.08140144398965, 87.12775627167767, 60.420512403761606, 66.7074314931915], "fitness": -3237.956604756103, "innovation_in_time": [1.0, 0.0, 0.0, 0.0, 0.0, 0.0, 0.0, 0.0, 0.0, 0.0, 0.0, 0.0, 0.0, 0.0, 0.0, 0.0, 0.0, 0.0, 0.0, 0.0, 0.0, 0.0, 0.0, 0.0, 0.0, 0.0, 0.0, 0.0, 0.0, 0.0, 0.0, 0.0, 0.0, 0.0, 0.0, 0.0, 0.0, 0.0, 0.0, 0.0, 0.0, 0.0, 0.0, 0.0, 0.0, 0.0, 0.0, 0.0, 0.0, 0.0, 0.0]}, {"genotype": [-87.13018481704543, 31.623847600819627, -92.85528906729766, 89.09770692463111, 20.2881864436568, -94.03460595803611, 88.64702595049819, 97.50858800099337, -40.59522106595447, 75.37616997772953, 0.18253999152845812, 91.58053475219754, 83.39033858964618, -92.7378390733871, -85.91803270853117, 87.10445126739067, 95.07218546169773, -45.84240777134439, -55.45364213394183, -91.32108303689618, 93.12778829331312, 67.52179608997415, -89.56105640596971, -26.79512228384563, 84.9902993782993, -35.93267948923503, -31.923678211958507, 90.32222873972644, 61.995821580175544, 68.54089909834153], "fitness": -3240.2417085941306,