{"number_of_generations": 79, "hof": [{"genotype": [26.564509318643054, -37.84679303142948, 69.77481280519426, -61.95109412507001, 9.111423435411954, -52.407237806572724, 59.21124263240605, 52.94199104428471, -88.0748145318597, -15.55259818417469, -6.625508136443152, -26.645419211557723, -43.999627741670395, -63.364629704121974, -4.7350164111294655, 74.04374956749751, -0.7091452043813851, 39.65142346671484, 35.898931616785276, 30.38461188401208, 55.063040201281424, 34.902683210530554, 84.34935225013417, -51.778995108948436, -58.61626925964561, 38.85377339600773, -10.261606862175103, 50.58122922080589, 45.531100282793, -22.616871615647458], "fitness": -3369.0884030643683, "innovation_in_time": [1.0, 0.0, 0.0, 0.0, 0.0, 0.0, 0.0, 0.0, 0.0]}, {"genotype": [27.119000160105564, -30.51779949057299, 71.87304159733006, -61.64078797028616, 11.667388452112235, -53.54643972869129, 61.00319042783034, 45.01420434957299, -74.16485045351064, -15.4572215423031, -12.921388431174362, -15.822515887313816, -53.176216444445885, -69.85696077018802, -3.3676349854990777, 75.36934050923331, -2.8417974924670633, 31.854321730543077, 36.39579640223243, 20.20249483290997, 56.97685156866916, 36.57254543146174, 78.82212738308405, -49.975590769092626, -55.32371021557837, 42.43527203736888, -11.506388546079188, 56.70422761790805, 44.97927300767576, -28.897392078716827], "fitness": -3369.2698580449755, "innovation_in_time": [1.0, 0.0, 0.0, 0.0, 0.0, 0.0, 0.0, 0.0, 0.0]}, {"genotype": [27.14467162659031, -30.497753209047364, 71.88909327672214, -61.63179120919433, 11.666608347681636, -53.52181300034804, 60.98737183936086, 45.000887211878975, -74.15171364493524, -15.44382645556066, -12.926100297812603, -15.822141721703744, -53.20724823500669, -69.87447397342262, -3.3680316851380256, 75.35877028172237, -2.845653794151885, 31.849683461386178, 36.39636262314537, 20.191916362284193, 57.00215732407811, 36.57457571401357, 78.80419656650498, -49.976944544631856, -55.33027360856035, 42.43737013248626, -11.495019693072773, 56.69378836864712, 44.99530045998972, -28.902378105770055], "fitness": -3369.4983015952776, "innovation_in_time": [1.0, 0.0, 0.0, 0.0, 0.0, 0.0, 0.0, 0.0, 0.0]}, {"genotype": [26.8161306319955, -30.483329133124947, 71.77370250426091, -62.016616161157096, 10.89410702766088, -53.44315628441027, 61.21537060401614, 44.088582429591035, -73.95778947671556, -14.989040360070067, -13.302956752426487, -15.26356754946097, -54.053012045055155, -70.00599193202514, -4.265215423433112, 75.31445036555652, -3.1651458629984885, 30.907560393821147, 36.43075638791606, 20.487276531484177, 57.65749983899125, 36.7035861531691, 78.4171677000636, -49.984833189754106, -55.67083577052854, 43.08314191840115, -12.002132924876964, 57.483469457293914, 47.774239520139524, -29.585632046660738], "fitness": -3382.373512938848, "innovation_in_time": [1.0, 0.0, 0.0, 0.0, 0.0, 0.0, 0.0, 0.0, 0.0]}, {"genotype": [22.03535955768066, -41.806550915754094, 66.0759346855602, -60.81423104004196, 11.162769494372306, -59.125507535664894, 62.73561187670348, 48.922820281081464, -78.71161477424141, -22.43257332232325, -4.653859589734124, -14.925646643350104, -38.771707725622036, -64.60823776549427, -4.569139238432301, 77.0072560934843, -1.3743581271336258, 33.70134478866238, 34.08847647897743, 22.762352621732703, 53.45375042874, 34.711631888698214, 86.74745285521684, -49.08100426799369, -55.69278997174985, 45.78455811633665, -10.605069942319034, 60.00756956822399, 42.311021403149724, -29.671346424293407], "fitness": -3449.436900298376, "innovation_in_time": [1.0, 0.0, 0.0, 0.0, 0.0, 0.0, 0.0, 0.0, 0.0]}, {"genotype": [21.202125424053236, -39.98796075841563, 69.45777663574414, -59.351287244059975, 10.0947748855831, -58.89627560770162, 63.79056413346871, 48.72010322025329, -80.14423741390488, -22.1065296543847, -4.242041419905581, -14.306836121287251, -37.98357441977296, -65.30533557430915, -5.668774115652974, 78.11166918924799, -1.7067954502756804, 33.63469737894894, 33.7373520237594, 21.949040812430646, 52.040907869806006, 35.44579818166783, 86.2092859707731, -48.74017436719863, -56.05171895832884, 46.48608135840015, -10.932860800585214, 61.333936031745324, 44.015962932284104, -30.84217509083209], "fitness": -3450.208746625269, "innovation_in_time": [1.0, 0.0, 0.0, 0.0, 0.0, 0.0, 0.0, 0.0, 0.0]}, {"genotype": [23.701501793544306, -41.06868847694041, 66.22451030742015, -61.346148702425275, 9.27622272320137, -57.587443777427445, 62.866019357745245, 47.67768109060022, -73.98744276671714, -15.661955974302973, -15.116623440566705, -13.396191004448658, -45.82335532639512, -63.362059470860835, -5.144059522728189, 78.3918169659938, 1.0016745281561585, 26.279702611286858, 39.28687535734294, 20.1331562865194, 51.80682163685402, 34.879750040852535, 82.34511626940738, -51.369002156440004, -52.69260849964928, 43.224872352545084, -9.304115578571286, 53.5557611337905, 38.943156813869635, -27.888086942573604], "fitness": -3456.076975019531, "innovation_in_time": [1.0, 0.0, 0.0, 0.0, 0.0, 0.0, 0.0, 0.0, 0.0]}, {"genotype": [23.819211922734393, -44.15521403695771, 63.221025801761755, -63.7640958081151, 17.83181355287542, -58.659842862134646, 61.72118893416008, 51.75705834323531, -79.83771461610736, -23.23672481194707, -8.582381504949758, -14.994292483371874, -39.26068452481399, -66.21439030387876, -2.942485744915396, 71.96194040077597, 1.3507189733270841, 30.564454949655616, 34.728830336419435, 26.061103798733075, 54.50093668913505, 33.07498977338334, 87.69942012754406, -48.81849358173654, -50.772236680702385, 45.72211063590285, -11.777074942674368, 58.18177478655565, 38.40856336934496, -30.32824923422131], "fitness": -3462.144071522285, "innovation_in_time": [1.0, 0.0, 0.0, 0.0, 0.0, 0.0, 0.0, 0.0, 0.0]}, {"genotype": [20.8597700727659, -45.99451030562646, 64.72148065265677, -60.27575396902139, 7.30014197878838, -58.2754439103246, 60.353422776684845, 50.93647443430279, -73.77650484756067, -20.635470430056415, -8.876842009875151, -16.645242758684358, -38.75479833586637, -63.050774547917435, 2.1232597778944995, 74.79524034440267, -1.1803541013124093, 36.39873198925749, 31.01885802404449, 26.978258006826444, 56.48364023707724, 29.791722347374478, 81.6471316503324, -50.56386325740835, -52.38969829280569, 47.45710032332667, -12.797556230485185, 60.15271060571062, 37.2074583247924, -23.080568409424927], "fitness": -3468.3530079350962, "innovation_in_time": [1.0, 0.0, 0.0, 0.0, 0.0, 0.0, 0.0, 0.0, 0.0]}, {"genotype": [22.33075482452768, -45.51206954953854, 64.06455860842628, -64.88935800761583, 15.994560862322123, -56.43024619626822, 62.21208107402959, 54.39323450140914, -78.70760820332785, -17.762948777162787, -5.502191918303138, -17.022484323961628, -40.31383297158802, -67.1359582253573, -0.8342151444362313, 74.68470166252507, 1.5580394076849409, 35.81968163643536, 32.396690347964125, 27.738057085794512, 56.63287335544785, 32.96852974283108, 86.04359412326731, -50.643384022874166, -49.2391963407208, 47.66422198312107, -12.471160082610739, 60.691106414488864, 37.730891952254964, -26.859123860870625], "fitness": -3470.0162146339876, "innovation_in_time": [1.0, 0.0, 0.0, 0.0, 0.0, 0.0, 0.0, 0.0, 0.0]}]}