{"number_of_generations": 499, "hof": [{"genotype": [27.026321993686587, -23.279743356306966, 71.11911982579105, -63.18892411005755, 22.839592961505698, -44.85422191099829, 60.00136424552764, 54.17002610716991, -75.01517741942939, -31.74513351418503, -13.201196346619085, -14.971806079351051, -52.168361529050706, -73.23441878927161, -10.601244229094991, 72.31720751065467, -10.21454949235672, 36.03371432908718, 40.30712391576504, 35.84164306446921, 56.01802225305449, 40.46989116995179, 73.47586106216704, -49.57681803734727, -52.74547833462066, 27.395003568432923, -8.211179644627851, 43.05200274241694, 58.855941167233425, -20.130404839969124], "fitness": -3056.545751170702, "innovation_in_time": [0.9999999194161384, 0.0, 0.0, 0.0, 0.0, 0.0, 0.0, 0.0, 0.0, 0.0, 8.05838615973846e-08, 0.0, 0.0, 0.0, 0.0, 0.0, 0.0, 0.0, 0.0, 0.0, 0.0, 0.0, 0.0, 0.0, 0.0, 0.0, 0.0, 0.0, 0.0, 0.0, 0.0, 0.0, 0.0, 0.0, 0.0, 0.0, 0.0, 0.0, 0.0, 0.0, 0.0, 0.0, 0.0, 0.0, 0.0, 0.0, 0.0, 0.0, 0.0, 0.0, 0.0]}, {"genotype": [20.049764171711097, -32.28440243070986, 70.00859594900068, -63.02447108138486, 29.26033731930445, -47.35394914062224, 61.42286243774106, 55.578346300138364, -74.13131060723387, -33.58602902447362, -14.645970696664403, -17.347793793120783, -53.84460482793711, -73.20735526769167, -9.153628974642826, 72.410637704452, -8.055349772009953, 33.25894362177123, 40.085165026538675, 36.13323009442634, 52.980309868130384, 38.53779640140623, 73.33376857125259, -42.80942608757055, -56.27860221373889, 27.290764295743074, -9.03147312145682, 43.85700968389851, 65.07852716502684, -20.805824482469056], "fitness": -3072.6831950339547, "innovation_in_time": [1.0, 0.0, 0.0, 0.0, 0.0, 0.0, 0.0, 0.0, 0.0, 0.0, 0.0, 0.0, 0.0, 0.0, 0.0, 0.0, 0.0, 0.0, 0.0, 0.0, 0.0, 0.0, 0.0, 0.0, 0.0, 0.0, 0.0, 0.0, 0.0, 0.0, 0.0, 0.0, 0.0, 0.0, 0.0, 0.0, 0.0, 0.0, 0.0, 0.0, 0.0, 0.0, 0.0, 0.0, 0.0, 0.0, 0.0, 0.0, 0.0, 0.0, 0.0]}, {"genotype": [22.50271996126576, -30.504074603641012, 70.07983906434282, -62.7645545630966, 24.095350659732635, -45.24347775052214, 59.946720617054844, 58.43292274751013, -72.54048894770112, -37.16108586771689, -12.193966345384236, -11.788632046324361, -51.848256400346614, -71.46287510457995, -10.677279661691832, 69.12417233664816, -5.785095855649639, 36.69175974071644, 37.64173580866303, 33.68102026952356, 52.101895935868626, 40.977310068126016, 79.95728407840106, -51.38028338572145, -50.52513399822571, 28.660810446384772, -9.910558500383337, 44.97724165780884, 58.0011506543674, -21.420586035965385], "fitness": -3088.452345697876, "innovation_in_time": [0.9999997665315883, 0.0, 0.0, 0.0, 0.0, 0.0, 0.0, 0.0, 0.0, 0.0, 2.3346841172572054e-07, 0.0, 0.0, 0.0, 0.0, 0.0, 0.0, 0.0, 0.0, 0.0, 0.0, 0.0, 0.0, 0.0, 0.0, 0.0, 0.0, 0.0, 0.0, 0.0, 0.0, 0.0, 0.0, 0.0, 0.0, 0.0, 0.0, 0.0, 0.0, 0.0, 0.0, 0.0, 0.0, 0.0, 0.0, 0.0, 0.0, 0.0, 0.0, 0.0, 0.0]}, {"genotype": [19.00462857531608, -27.239077239621306, 73.04798308683134, -61.56651525050473, 28.153269720861957, -49.16620301881927, 58.84218530146666, 62.22404604867352, -77.29699800197467, -36.7256420945267, -11.377448465003328, -11.379469525164591, -55.34872468484827, -72.7296861075077, -13.532220854150443, 71.0836527381359, -6.017856883230415, 38.352109990463404, 37.792915233651115, 31.94485282898802, 52.00867033873358, 41.11822239320421, 74.52954700256642, -54.75967483844777, -51.57323621813332, 28.969537898843303, -8.21212505633145, 49.00809086503278, 56.516224886884615, -24.530948633311766], "fitness": -3090.671080961737, "innovation_in_time": [0.9999999999358751, 0.0, 0.0, 0.0, 0.0, 0.0, 0.0, 0.0, 0.0, 0.0, 6.412496144004078e-11, 0.0, 0.0, 0.0, 0.0, 0.0, 0.0, 0.0, 0.0, 0.0, 0.0, 0.0, 0.0, 0.0, 0.0, 0.0, 0.0, 0.0, 0.0, 0.0, 0.0, 0.0, 0.0, 0.0, 0.0, 0.0, 0.0, 0.0, 0.0, 0.0, 0.0, 0.0, 0.0, 0.0, 0.0, 0.0, 0.0, 0.0, 0.0, 0.0, 0.0]}, {"genotype": [18.88229509136141, -26.91736172338209, 73.40492026015372, -61.25480510651749, 27.276459797258557, -48.678640621360046, 59.09930850497785, 62.57676461379885, -77.08010073243271, -37.35553699558232, -11.311479382112521, -10.914130241724665, -56.03806351607602, -72.49953302394525, -14.911913814749076, 71.88229102395918, -5.141755688127029, 39.088287651033745, 38.482666909868584, 32.33829327114169, 52.556027489045874, 41.900504906918265, 74.3577930161507, -54.96746463311397, -52.15434514826353, 29.740835025125985, -8.900256501952075, 48.94327660866698, 55.70715362700804, -24.580087759306195], "fitness": -3097.3389933710187, "innovation_in_time": [0.9999999999265892, 0.0, 0.0, 0.0, 0.0, 0.0, 0.0, 0.0, 0.0, 0.0, 7.341084380534367e-11, 0.0, 0.0, 0.0, 0.0, 0.0, 0.0, 0.0, 0.0, 0.0, 0.0, 0.0, 0.0, 0.0, 0.0, 0.0, 0.0, 0.0, 0.0, 0.0, 0.0, 0.0, 0.0, 0.0, 0.0, 0.0, 0.0, 0.0, 0.0, 0.0, 0.0, 0.0, 0.0, 0.0, 0.0, 0.0, 0.0, 0.0, 0.0, 0.0, 0.0]}, {"genotype": [20.41739645828045, -29.800812186662164, 71.68041129192336, -64.52721324811378, 24.423280455078597, -47.28443222547682, 59.181485744568924, 58.453891628146245, -72.252456435013, -34.795527802888, -9.825031555042242, -8.879920504658868, -53.654786433485185, -72.21267885577095, -14.715853597011696, 69.73739415547551, -4.751792236811729, 38.75032061961089, 39.17024584979543, 33.49093671132862, 49.42818590966391, 40.92029067220777, 77.23225005730295, -52.74320549872144, -49.583119432039965, 27.86802412980302, -12.897876459584214, 44.74227757349505, 51.6681857913921, -21.785410281249174], "fitness": -3105.727692337094, "innovation_in_time": [0.9999999998878445, 0.0, 0.0, 0.0, 0.0, 0.0, 0.0, 0.0, 0.0, 0.0, 1.1215553498616922e-10, 0.0, 0.0, 0.0, 0.0, 0.0, 0.0, 0.0, 0.0, 0.0, 0.0, 0.0, 0.0, 0.0, 0.0, 0.0, 0.0, 0.0, 0.0, 0.0, 0.0, 0.0, 0.0, 0.0, 0.0, 0.0, 0.0, 0.0, 0.0, 0.0, 0.0, 0.0, 0.0, 0.0, 0.0, 0.0, 0.0, 0.0, 0.0, 0.0, 0.0]}, {"genotype": [20.135507408042987, -28.9455999188156, 72.19059529260116, -64.86423973288822, 22.21833780988673, -47.82854035634992, 60.58776402778245, 58.576647721245045, -72.9410184567149, -34.75966673141394, -11.528856824441503, -9.451156104418683, -53.9542644791357, -72.26177205757551, -14.117256484916734, 69.45418172004867, -4.145075837898321, 38.766354586672314, 39.64315892342253, 32.62285941916972, 49.31469001518926, 42.38586569343215, 78.29158283754522, -52.92876634730221, -49.51039058906103, 29.044786313067558, -11.601884954657638, 45.573512123749566, 53.03800809873049, -22.85348366523819], "fitness": -3117.295332241033, "innovation_in_time": [0.999999999775689, 0.0, 0.0, 0.0, 0.0, 0.0, 0.0, 0.0, 0.0, 0.0, 2.2431106997233844e-10, 0.0, 0.0, 0.0, 0.0, 0.0, 0.0, 0.0, 0.0, 0.0, 0.0, 0.0, 0.0, 0.0, 0.0, 0.0, 0.0, 0.0, 0.0, 0.0, 0.0, 0.0, 0.0, 0.0, 0.0, 0.0, 0.0, 0.0, 0.0, 0.0, 0.0, 0.0, 0.0, 0.0, 0.0, 0.0, 0.0, 0.0, 0.0, 0.0, 0.0]}, {"genotype": [21.4888855180153, -34.37014080129918, 74.20550266563667, -60.74884963665947, 26.4246474900497, -51.26604516191631, 61.75900759807652, 61.17631517731029, -74.32962380706672, -31.015770575776763, -12.678372344559794, -12.948314519429275, -54.05159425424819, -70.41569641080982, -9.642509479063023, 71.1678441770179, -6.196399257276341, 37.02479596964058, 39.56377255376218, 32.095454785977324, 52.29527302206809, 39.7470690413166, 74.39792757774174, -49.47702406509797, -50.564191071940215, 29.706429488405472, -11.772533374448589, 39.25094387309028, 63.00654957294212, -25.181873788875322], "fitness": -3118.6901223042323,