{"number_of_generations": 79, "hof": [{"genotype": [51.99825322031142, -84.62764903162493, -92.63465874230718, 25.998337763447772, -46.57600624941692, -90.24069300225574, 64.88965384165192, 92.66924637608658, 73.60413172887334, 76.96950331423274, 43.47247188314811, 89.72689867967222, 95.30401998341002, -86.18875033452969, -66.42074777063425, 76.03875127104543, 76.74726258654725, -70.0313740918765, -14.81269969137125, 2.650977106735488, 87.34679405776289, 67.16059488693561, -53.92036024636655, -90.82357419218783, 23.661853968365012, -88.42784402965279, -32.84409059142691, 76.77712742839395, 55.65746011656098, 94.45929789903545], "fitness": -3273.28076156298, "innovation_in_time": [1.0, 0.0, 0.0, 0.0, 0.0, 0.0, 0.0, 0.0, 0.0]}, {"genotype": [48.52621111580284, -85.93917944817235, -89.37834163044408, 25.263039804639632, -48.49724634902111, -89.99745247880223, 67.4424533456113, 88.83003127977277, 73.7724555463969, 78.12978879190243, 40.972236008599154, 87.0455949213584, 93.97433049063056, -85.03121995095512, -70.5845614453342, 84.15626686815915, 80.15751354292229, -68.11608832160168, -17.527556133233375, 3.092447870412153, 88.4447344346936, 66.60987833673212, -54.95314273869011, -93.04567245190663, 26.66876208117594, -89.86356481808647, -36.22138501530637, 73.5259712675601, 52.699213127914646, 92.61275783038374], "fitness": -3273.4956345244445, "innovation_in_time": [1.0, 0.0, 0.0, 0.0, 0.0, 0.0, 0.0, 0.0, 0.0]}, {"genotype": [-1.6367577100679722, -79.90176943434327, -87.91328260541547, -65.68437166954622, -26.74406580766551, -85.31790520871594, 85.35708170116392, 96.15643634472983, 84.63065194942537, 78.14940711368575, -49.57358393217525, 92.05313695349172, 85.54946401751577, -88.76510608093528, 60.07136515897183, -89.74984156812934, 78.21582648212117, -61.15844919158271, -15.061803086496116, -85.11370800071234, 89.94966594381583, 42.31209006570274, -17.282688786219314, -88.50037023993491, 18.20632693837398, 93.74709490324756, -44.2389222877928, 91.69734886623476, -12.22702331747931, 91.02924167090545], "fitness": -3277.9086300071904, "innovation_in_time": [1.0, 0.0, 0.0, 0.0, 0.0, 0.0, 0.0, 0.0, 0.0]}, {"genotype": [-86.11565949436861, -80.33906198217785, -90.37021838917735, 24.249442228475836, 19.493540742608086, -90.14851385051983, -20.061982502783067, 81.59782514469713, -84.24929634303649, 92.58877045996941, 27.973095165610637, 95.82062428520842, 91.00138223275583, -95.96709146627352, -57.82394737203249, 13.868531558360822, 84.69086108363527, -25.22959867825886, -28.95389375245831, -93.48081656598751, 91.97875991159748, 47.2082116177543, -42.467716056416755, -3.2703859565773565, 28.757135067678565, -88.83368492595031, -65.43257463824898, 92.76993468207347, -8.262601152320782, 83.1280524137107], "fitness": -3278.4557397500084, "innovation_in_time": [1.0, 0.0, 0.0, 0.0, 0.0, 0.0, 0.0, 0.0, 0.0]}, {"genotype": [-86.76019175276436, -79.88642280411784, -90.47993125210839, 23.94314879834144, 19.56405225398671, -90.23396504687209, -21.217810843024704, 80.77831951399075, -84.07191831085409, 92.97971869106313, 27.8639091979579, 96.22632159245357, 91.21624047224722, -96.71030993398139, -58.90738664070663, 13.651613542357484, 85.05670537021459, -25.243974801156128, -28.929788238890435, -93.59501430157371, 91.82853141194468, 46.77621206751924, -42.84815026435308, -4.028134662837882, 28.51522022282867, -89.18851086708005, -65.38851533244247, 93.00119728425199, -7.4776290051820915, 82.9924064868637], "fitness": -3279.5709051969343, "innovation_in_time": [1.0, 0.0, 0.0, 0.0, 0.0, 0.0, 0.0, 0.0, 0.0]}, {"genotype": [-87.35263315272174, -79.08322586170817, -89.96714894473241, 23.744817413826617, 20.437856420153217, -90.73952407557506, -22.02863706197613, 79.39060229763028, -83.77436234753662, 93.62263854892754, 28.35958860705868, 96.57290175407726, 91.66924066062546, -97.49281578309628, -57.73321172363433, 13.35423626592943, 84.94978990733367, -25.308683762904707, -29.8254092022773, -93.56885314467127, 91.45658597519727, 46.91778034616443, -42.37174977589814, -4.572565395829036, 27.749217892604232, -90.08459499007594, -66.25442255067041, 93.32635478621876, -6.362831498409715, 82.55327053958548], "fitness": -3283.539541387527, "innovation_in_time": [1.0, 0.0, 0.0, 0.0, 0.0, 0.0, 0.0, 0.0, 0.0]}, {"genotype": [-75.67736087272132, -84.82819193676244, -86.31629599418523, 27.767252093510642, 13.149831832786829, -91.95195694826982, -13.222787267913732, 82.92939788860004, -79.08358745715526, 94.56708517722961, 35.09226340413846, 90.00303112387188, 89.06285181896546, -91.1993016214101, -50.577844834763084, 10.156299914308235, 81.54099357105083, -25.307236358493682, -23.573609147803825, -85.80356366135136, 93.33536835972825, 51.900406061043576, -38.24662470595174, 3.567463387582702, 31.471216397944858, -90.85892078593992, -67.04399366956379, 89.35555280284636, -13.402078320003886, 87.53796630131531], "fitness": -3286.773626923394, "innovation_in_time": [1.0, 0.0, 0.0, 0.0, 0.0, 0.0, 0.0, 0.0, 0.0]}, {"genotype": [-89.20142288413442, -59.52060900774648, -89.23936525754425, 18.42528659682103, 14.363740344638742, -90.78846753637053, -8.78493206672292, 78.40244282474575, -92.42278599655566, 87.03092384829881, 34.31877609219645, 93.2634760086639, 92.08659474702448, -94.25607434440484, -59.01874661200756, 5.150889893859343, 71.87738011000488, -26.607633452392555, -19.755577193384028, -88.4084892430459, 89.99340962759553, 55.06815706491566, -43.12706358498009, 12.374421204941466, 27.523112488508133, -90.65831551551895, -61.66386728950184, 84.91670226561799, -18.944991388444805, 92.83310215461239], "fitness": -3294.7286999850594, "innovation_in_time": [1.0, 0.0, 0.0, 0.0, 0.0, 0.0, 0.0, 0.0, 0.0]}, {"genotype": [-87.69864773044071, -60.32104667540718, -88.08097521257274, 16.643618110301663, 12.672113739512847, -90.5284115249706, -10.338217450123977, 79.10604352587727, -91.87962185783921, 86.32288929012755, 32.875330838152266, 93.43027023047863, 93.0176608635516, -94.46398760038475, -57.03040913468798, 3.337908586934981, 71.65386993321806, -28.081352885601156, -18.753736173783373, -90.11306239616312, 89.91336570567024, 53.08989056663586, -44.418306086307865, 13.60105790887864, 27.0360337238964, -89.1541575748957, -64.56958843090284, 86.7358106825194, -20.27583071935014, 91.66291970315962], "fitness": -3303.324668062865, "innovation_in_time": [1.0, 0.0, 0.0, 0.0, 0.0, 0.0, 0.0, 0.0, 0.0]}, {"genotype": [-91.4733653566869, -56.878202274175365, -97.87948993704656, 32.89913535305578, 10.13484075696506, -90.8965230001532, -1.2801211554532639, 75.54398507598218, -91.62723388537827, 83.8505329419797, 37.11590815018699, 95.06468739701423, 97.69171983225854, -97.82700975922418, -73.02773002869824, 2.516372015964106, 67.27602998417046, 10.590540247850207, -24.87902518792789, -81.97671646973575, 89.97945416900214, 44.46799203470891, -41.19451140632353, 9.675007665985886, 32.924953305911814, -93.5687372119227, -56.89847445206023, 88.25928178653328, -17.09200680436961, 91.65047265308989], "fitness": -3305.749646120984, "innovation_in_time": [1.0, 0.0, 0.0, 0.0, 0.0, 0.0, 0.0, 0.0, 0.0]}]}