{"number_of_generations": 499, "hof": [{"genotype": [-27.425838028501104, 58.68235231570431, -52.81669149275585, 80.10782330821634, -48.20876981814066, -27.33748830155003, 40.324154005585434, -33.46801130315144, -12.052434544546038, -29.596590362936055, 63.33798366476376, 81.4907597343113, -21.60781240658604, -79.28487133950823, -20.87844800081648, -32.11658581968558, 0.5752352880020972, 74.64248922664169, -40.12390373266204, -63.78121912898539, -25.197210306325463, 53.00522267688635, -85.25811166775348, 29.195434982306267, 27.750065081050717, 88.18461902533379, 24.7683296173071, -35.85302269309333, -80.53432446891584, -70.62613527502386], "fitness": -3262.787416916036, "innovation_in_time": [1.0, 0.0, 0.0, 0.0, 0.0, 0.0, 0.0, 0.0, 0.0, 0.0, 0.0, 0.0, 0.0, 0.0, 0.0, 0.0, 0.0, 0.0, 0.0, 0.0, 0.0, 0.0, 0.0, 0.0, 0.0, 0.0, 0.0, 0.0, 0.0, 0.0, 0.0, 0.0, 0.0, 0.0, 0.0, 0.0, 0.0, 0.0, 0.0, 0.0, 0.0, 0.0, 0.0, 0.0, 0.0, 0.0, 0.0, 0.0, 0.0, 0.0, 0.0]}, {"genotype": [-26.60089574092244, 59.20755700450651, -55.74375261334996, 80.19318266752582, -46.42698352628117, -28.29112542013501, 40.38299894307757, -35.410651341432036, -12.521390020926315, -28.269282826172304, 59.477344325507005, 82.39877251623307, -20.539877426518473, -76.52405232485059, -21.74203118041271, -32.46702592178559, 2.4576545455216734, 73.61994042277243, -40.868006640528236, -60.98007624150249, -22.206805457399387, 54.224849185021434, -85.84904199666327, 29.185145128597846, 26.136129882487666, 88.09970900847223, 28.223245573494694, -36.013343606812214, -80.85819316869896, -72.29913850142887], "fitness": -3267.052194484816, "innovation_in_time": [1.0, 0.0, 0.0, 0.0, 0.0, 0.0, 0.0, 0.0, 0.0, 0.0, 0.0, 0.0, 0.0, 0.0, 0.0, 0.0, 0.0, 0.0, 0.0, 0.0, 0.0, 0.0, 0.0, 0.0, 0.0, 0.0, 0.0, 0.0, 0.0, 0.0, 0.0, 0.0, 0.0, 0.0, 0.0, 0.0, 0.0, 0.0, 0.0, 0.0, 0.0, 0.0, 0.0, 0.0, 0.0, 0.0, 0.0, 0.0, 0.0, 0.0, 0.0]}, {"genotype": [-28.739326333513205, 61.306072183697076, -54.3453344545927, 80.60685694691773, -46.09383455917796, -27.566693041554366, 41.07241675632665, -33.57735372921855, -12.652183470231986, -29.240865789764666, 61.64325310334628, 84.1039884533345, -19.463363585267473, -78.53604065763396, -20.958848314894556, -30.377332142958316, 3.251616180851606, 74.82180665043576, -40.6486009770304, -58.62014759453818, -23.7299556836894, 53.88030177846987, -85.28044135669394, 29.358070888006466, 24.48934862446432, 88.20539795971729, 27.770455796566424, -38.617114100531886, -77.99913369584439, -73.69142939694444], "fitness": -3270.3461873452243, "innovation_in_time": [1.0, 0.0, 0.0, 0.0, 0.0, 0.0, 0.0, 0.0, 0.0, 0.0, 0.0, 0.0, 0.0, 0.0, 0.0, 0.0, 0.0, 0.0, 0.0, 0.0, 0.0, 0.0, 0.0, 0.0, 0.0, 0.0, 0.0, 0.0, 0.0, 0.0, 0.0, 0.0, 0.0, 0.0, 0.0, 0.0, 0.0, 0.0, 0.0, 0.0, 0.0, 0.0, 0.0, 0.0, 0.0, 0.0, 0.0, 0.0, 0.0, 0.0, 0.0]}, {"genotype": [-24.68784675530933, 70.46899146673947, -56.006100096389076, 78.86231564119598, -41.51611150933883, -31.153622917393005, 42.78136841585937, -37.863730144906015, -16.749563531956074, -23.565951623461785, 54.496716241680936, 86.13899656891253, -25.34244266144938, -73.09085168699133, -24.169692096691577, -29.178198873049684, 9.169547328364382, 75.16690913567739, -40.729354268228896, -59.4589157232141, -26.956750920345986, 56.878328446819026, -86.97140661117848, 22.70834200981417, 26.19573668659291, 91.61466172169469, 25.726803185714836, -41.546656118571576, -73.64653102579298, -76.75627360638758], "fitness": -3276.674466296852, "innovation_in_time": [1.0, 0.0, 0.0, 0.0, 0.0, 0.0, 0.0, 0.0, 0.0, 0.0, 0.0, 0.0, 0.0, 0.0, 0.0, 0.0, 0.0, 0.0, 0.0, 0.0, 0.0, 0.0, 0.0, 0.0, 0.0, 0.0, 0.0, 0.0, 0.0, 0.0, 0.0, 0.0, 0.0, 0.0, 0.0, 0.0, 0.0, 0.0, 0.0, 0.0, 0.0, 0.0, 0.0, 0.0, 0.0, 0.0, 0.0, 0.0, 0.0, 0.0, 0.0]}, {"genotype": [-24.214639752835026, 70.50440834206329, -56.09912544346067, 78.35446217342086, -41.552311294197615, -31.57414402553336, 42.67214219771848, -38.44184176490739, -16.713642012551592, -23.34557170897214, 53.83960189950146, 86.06803585288775, -25.273733165195186, -73.07447687269759, -24.21522662775376, -29.40985385015978, 9.31914038335953, 75.2312929090691, -40.608232870415485, -59.586034334424525, -26.398526464442895, 56.80950170471583, -87.26511655807663, 22.67327646505604, 26.093123010108947, 91.31077426781212, 25.798315934876154, -41.73717330838452, -73.52285995135918, -75.87793437528202], "fitness": -3278.260536182207, "innovation_in_time": [1.0, 0.0, 0.0, 0.0, 0.0, 0.0, 0.0, 0.0, 0.0, 0.0, 0.0, 0.0, 0.0, 0.0, 0.0, 0.0, 0.0, 0.0, 0.0, 0.0, 0.0, 0.0, 0.0, 0.0, 0.0, 0.0, 0.0, 0.0, 0.0, 0.0, 0.0, 0.0, 0.0, 0.0, 0.0, 0.0, 0.0, 0.0, 0.0, 0.0, 0.0, 0.0, 0.0, 0.0, 0.0, 0.0, 0.0, 0.0, 0.0, 0.0, 0.0]}, {"genotype": [-62.836197736004976, -12.092083755247664, -51.20783903643714, 83.74254503084468, -60.64813418156662, 7.995308176926548, 41.021173083457214, -12.102455605105844, -31.460502321947633, -55.32055382239274, 44.731017262073344, 74.60434320422671, -33.162610314694966, 63.8023351054929, 2.6906615534768394, -31.233684097935516, 10.967269974593385, -32.233346737084624, -20.169472729995853, -66.42194763812594, -42.28498731119095, 67.87547106826183, 7.934055160664496, 6.784370537349559, -3.5842416653591322, 93.66143168449194, -20.28038344529734, -50.82393324004138, -76.81434397441708, -53.46495737134951], "fitness": -3279.779226068632, "innovation_in_time": [1.0, 0.0, 0.0, 0.0, 0.0, 0.0, 0.0, 0.0, 0.0, 0.0, 0.0, 0.0, 0.0, 0.0, 0.0, 0.0, 0.0, 0.0, 0.0, 0.0, 0.0, 0.0, 0.0, 0.0, 0.0, 0.0, 0.0, 0.0, 0.0, 0.0, 0.0, 0.0, 0.0, 0.0, 0.0, 0.0, 0.0, 0.0, 0.0, 0.0, 0.0, 0.0, 0.0, 0.0, 0.0, 0.0, 0.0, 0.0, 0.0, 0.0, 0.0]}, {"genotype": [-59.09196835020598, -12.606986126498535, -54.43441566501714, 83.9718025256685, -54.74418399827164, 9.556430035554202, 42.289999599371896, -11.937531138582939, -35.86170915493731, -47.01936181344439, 55.061887701100254, 73.63152860415066, -32.17089378351509, 61.268368381034364, -0.402407610208793, -31.34559715114972, 9.41381470210586, -30.24809783330661, -23.09292850400084, -66.7434049946098, -42.16082206539553, 67.31519149089559, -0.8151134089960956, 7.258024825483733, -0.9365879878973387, 91.45085004735276, -20.778412339195384, -53.93301219926185, -77.31219719313533, -58.86306436263802], "fitness": -3281.518847145962, "innovation_in_time": [1.0, 0.0, 0.0, 0.0, 0.0, 0.0, 0.0, 0.0, 0.0, 0.0, 0.0, 0.0, 0.0, 0.0, 0.0, 0.0, 0.0, 0.0, 0.0, 0.0, 0.0, 0.0, 0.0, 0.0, 0.0, 0.0, 0.0, 0.0, 0.0, 0.0, 0.0, 0.0, 0.0, 0.0, 0.0, 0.0, 0.0, 0.0, 0.0, 0.0, 0.0, 0.0, 0.0, 0.0, 0.0, 0.0, 0.0, 0.0, 0.0, 0.0, 0.0]}, {"genotype": [-32.01839583599077, 66.18749553630937, -54.75489939355303, 79.69656129516035, -49.19650861518581, -33.355390485430405, 41.4149363557616, -34.006132721593886, -17.721163255610787, -29.530354613561077, 55.18576962354022, 86.63920850909906, -31.76551118912881, -70.49904658745913, -19.800558333768347, -25.618434132183737, 5.861870208677747, 61.57173047987349, -44.95314953200036, -61.01995522135848, -41.97863444963096, 57.396777905029644, -82.22429004777305, 16.56992693349591, 28.744883956196393, 90.87919122461909, 11.427612159159233, -42.712036529309984, -70.29243809905061, -70.92084218058909], "fitness": -3282.927748909424,