{"number_of_generations": 9, "hof": [{"genotype": [-58.00944743316246, -37.59928020803202, -2.233799593115384, -43.57811337553981, 58.77654297449762, 51.25607953330012, 27.380762590106094, 1.0999916951660698, 50.52430433598999, -42.63854350103509, 37.556832131694414, 95.32684021577317, -25.21809172818162, -0.9003291674559968, -49.84158274158651, -37.94979616344551, 13.334082204142796, 68.17629220283725, -51.916721876445, 4.111487952597088, 1.778642232931988, 1.3988953740526968, -41.02450727731958, -17.66268987949692, 10.293629911765905, -24.277618166252815, -43.576937700058664, 1.1507830274929312, -36.08357862886165, -15.049703057153142], "fitness": -157011527864.60187, "innovation_in_time": [1.0, 0.0]}, {"genotype": [-48.77528388563684, -35.979136402966496, 3.679371333472398, -38.907412215847884, 41.7783592038066, 45.15643583406531, 13.662106798843343, -14.48403524386735, 50.129631668042165, -41.52989657345973, 45.20546442373084, 86.53142520902581, -17.33767243897822, 12.11405695149071, -45.04097960256446, -27.07490350888634, -8.382371461061389, 63.061372116685924, -46.48407446960286, -1.0153278468146443, 6.9529314445946735, -7.0274391644279435, -43.07566832518639, -25.471125885104865, 32.12372886450379, -29.350019665639337, -40.11861860022032, 11.17544421417664, -42.23156628366752, 8.037989048690946], "fitness": -182597882968.19028, "innovation_in_time": [1.0, 0.0]}, {"genotype": [-32.79204367170263, -50.187315801197634, -42.96384384476705, -69.08051381380439, 14.780475230438586, 38.79120845066835, 46.76962645358588, -17.613198661038993, 65.88510397595103, -28.004216675630524, -35.81713858185286, 4.134305739535623, -7.675139383168137, 12.266747967268685, -15.094952289765905, -20.245735548755924, -2.706251369323524, 48.52520939074138, -17.512963133367407, 5.896601331302939, 1.570532729923909, 3.8543516825295505, -43.811108050780106, -24.600270114942365, 35.205112298651926, 11.002274457585141, -35.426928970827355, -20.36566619046848, -12.29832837825801, 6.961409065437983], "fitness": -209859743991.80225, "innovation_in_time": [1.0, 0.0]}, {"genotype": [-40.362591914056715, -50.75961222601222, -4.1910434817942095, -51.43671768514055, -2.74904075998465, 26.130908036024106, 24.015547993365463, 15.524205038820885, 36.40338800789288, 2.4526087007921156, 11.588923399851367, -6.990560072698747, 2.8667195076608545, 37.26331484957085, -19.587634294396256, -0.79561506666108, -5.714897972892541, 60.56621605334612, -17.545045486909952, -23.318711791401086, 31.568544497572745, -29.641846179100774, -33.375418804445815, -15.62155110790161, 35.95685093465102, -3.7595385765095033, -48.964528275678475, -30.11971066967571, -24.543622192601024, -9.033731562956156], "fitness": -233245964994.09677, "innovation_in_time": [1.0, 0.0]}, {"genotype": [-41.85574345666738, -53.27381014468087, -3.9484515581042654, -41.768512808689714, -2.6641669179376404, 28.417307449830687, 22.430525473290388, 11.307034359221596, 47.42418581345085, 6.8194641252421615, 16.733895216515343, -9.219692383602021, 0.8991224235664106, 46.93623124859931, -33.87083144516774, 6.552182511258496, -7.46591065644434, 59.61962249012199, -20.122477645193047, -27.97582880783453, 32.128501387289255, -40.7438287762253, -37.29143317907557, -10.913220778932086, 32.5697251436082, -6.943345561946746, -53.261581820974015, -21.728326499673354, -19.734893333474123, -12.762291053682706], "fitness": -242957583330.22772, "innovation_in_time": [1.0, 0.0]}, {"genotype": [-18.147060451249015, -48.5509378760018, -13.411101293372838, -72.2943148193653, -1.231798822180517, 39.61307965094215, 16.642688566391616, 21.496069458795528, 15.587523397861386, 48.007858481933255, 43.432978059755214, 15.326364440831405, -7.527090156668584, 22.142120361296243, -4.8781576183980455, -13.302690321685157, 12.042321408172572, 54.4272090099005, 7.393026027292619, -37.983724779339546, 27.299299222844247, -12.812825758178906, -26.903473302383134, -17.20117669211248, 36.74628171635761, -3.7936893543730066, -48.483143323589616, -23.64705329925992, -22.141180992114805, -32.81353127585666], "fitness": -263192437241.7579, "innovation_in_time": [1.0, 0.0]}, {"genotype": [-27.522018301479022, -52.46392781286029, -15.110902239748242, -70.59759643693401, -6.605872037265904, 26.351437396020316, 11.478685156004559, 15.482862209551659, 0.31963209291721006, 23.584845104053596, 43.71628087324131, 9.082382795171448, -6.819461785487993, 19.925798519069396, -3.973364115080752, -3.041143044293916, 12.567036768264852, 54.53626640033117, -8.165224177230797, -14.964631127365944, 21.601920705109283, -21.547413130998798, -13.56907259648139, -16.87927540192793, 36.836115563223636, -2.551681167206489, -63.086524582665554, -19.087812558076394, -35.27902229061255, -25.90467871563679], "fitness": -320688960315.54675, "innovation_in_time": [1.0, 0.0]}, {"genotype": [-8.620385495498596, -44.5943527414861, -15.195873519340449, -66.56775881527018, 11.355926552344801, 67.39033482922348, 19.747052063001064, -38.12377351512704, 66.79089872543224, -54.22784246179136, -21.919113953272614, 2.4816315323975697, 29.96710651631908, -8.819275419263208, -2.880699405921213, -57.11629408477788, -13.860015198832219, 39.314426994484975, 7.098531487677581, 23.447014403228547, 10.128497805131861, -1.4765629593736733, -43.62817184691743, -5.4388437990994625, 27.221991627007217, 30.866496351435863, -35.97359774072188, -72.60812008171236, -6.817057115753986, 22.02952751151504], "fitness": -377044304250.5543, "innovation_in_time": [1.0, 0.0]}, {"genotype": [-26.295955957204733, -64.32346090757558, 18.05292497759116, -44.21419923397327, 11.525666818123907, 43.546143280490305, 4.391560568093851, -0.5696198506528312, 49.25431115552372, 20.04328757360221, -2.1201729603808204, -26.96565251950146, 15.038391719690509, 3.8831461969111345, -30.565718916780817, 0.6322342479601613, -5.738819250553657, 42.90534618897278, 0.9171590193598433, 7.967032028951048, 12.071086729341872, 14.522276731832918, -10.984186606973653, -3.5948953539837354, -20.93898389631361, 28.52915936398575, -83.24285723705644, -9.160875808235408, -35.54253042674327, 39.19497904449235], "fitness": -455294871800.3894, "innovation_in_time": [1.0, 0.0]}, {"genotype": [-80.65552741354436, -51.76659385271391, 26.107474276114893, -29.778715415364687, 3.167842144604009, 62.823647010317444, 47.26022298763197, 20.849409990699073, 1.7917891776497257, -20.34647071540361, 11.260970945762764, 47.2854032652871, -8.36095684301824, -25.839280661481112, -15.035517463856223, -0.017311120077053488, 5.454071068017479, 44.890472537808606, 6.87973878752139, 28.60531791502394, -15.584875492040062, -13.127918023671668, 10.045979153519283, -2.204025348186015, -22.825629845118463, -41.6906829072776, -89.013858547069, 33.653406728770875, 11.523118417235324, -86.58872863548086], "fitness": -624489974372.8019, "innovation_in_time": [1.0, 0.0]}]}