{"number_of_generations": 9999, "hof": [{"genotype": [7.452551759522174, -15.634517567325096], "fitness": 0}]}