{"number_of_generations": 9999, "hof": [{"genotype": [88.58001221020028, -59.74163154252067], "fitness": 0}]}